window_start,1-0,1-1,2-0,3-0,3-1
2016-09-19 00:00:00,13,140,2,17,181
2016-09-19 00:20:00,6,56,0,16,112
2016-09-19 00:40:00,9,31,0,16,93
2016-09-19 01:00:00,10,4,1,17,4
2016-09-19 01:20:00,14,14,0,17,5
2016-09-19 01:40:00,10,7,2,11,4
2016-09-19 02:00:00,7,7,0,11,5
2016-09-19 02:20:00,10,7,0,14,4
2016-09-19 02:40:00,6,10,0,18,0
2016-09-19 03:00:00,9,10,0,10,5
2016-09-19 03:20:00,4,14,0,10,3
2016-09-19 03:40:00,9,20,0,9,10
2016-09-19 04:00:00,10,18,0,11,4
2016-09-19 04:20:00,13,17,0,8,7
2016-09-19 04:40:00,12,23,0,10,3
2016-09-19 05:00:00,2,28,14,9,11
2016-09-19 05:20:00,8,24,12,14,7
2016-09-19 05:40:00,13,34,21,27,13
2016-09-19 06:00:00,8,39,30,39,30
2016-09-19 06:20:00,13,57,36,58,38
2016-09-19 06:40:00,32,72,37,71,65
2016-09-19 07:00:00,39,70,84,127,67
2016-09-19 07:20:00,31,83,80,123,71
2016-09-19 07:40:00,43,118,97,153,103
2016-09-19 08:00:00,46,123,129,161,118
2016-09-19 08:20:00,56,119,122,167,168
2016-09-19 08:40:00,41,116,98,138,161
2016-09-19 09:00:00,50,120,89,174,145
2016-09-19 09:20:00,49,151,78,144,125
2016-09-19 09:40:00,44,131,59,148,116
2016-09-19 10:00:00,44,101,71,104,117
2016-09-19 10:20:00,44,105,88,111,87
2016-09-19 10:40:00,44,102,65,122,85
2016-09-19 11:00:00,39,86,50,111,73
2016-09-19 11:20:00,30,76,61,82,72
2016-09-19 11:40:00,34,100,46,91,73
2016-09-19 12:00:00,45,99,87,104,94
2016-09-19 12:20:00,44,70,66,91,86
2016-09-19 12:40:00,53,79,69,122,94
2016-09-19 13:00:00,57,100,81,117,91
2016-09-19 13:20:00,61,108,95,107,110
2016-09-19 13:40:00,53,106,67,131,100
2016-09-19 14:00:00,55,101,66,100,95
2016-09-19 14:20:00,52,100,62,84,99
2016-09-19 14:40:00,52,101,79,107,93
2016-09-19 15:00:00,48,77,77,117,75
2016-09-19 15:20:00,57,104,67,109,95
2016-09-19 15:40:00,43,92,74,115,83
2016-09-19 16:00:00,42,110,76,123,101
2016-09-19 16:20:00,46,122,86,111,90
2016-09-19 16:40:00,55,116,99,116,115
2016-09-19 17:00:00,36,96,85,110,86
2016-09-19 17:20:00,34,116,72,118,85
2016-09-19 17:40:00,24,112,53,95,91
2016-09-19 18:00:00,29,67,55,94,73
2016-09-19 18:20:00,27,94,50,56,78
2016-09-19 18:40:00,18,65,49,61,77
2016-09-19 19:00:00,13,62,44,51,44
2016-09-19 19:20:00,22,44,49,61,45
2016-09-19 19:40:00,27,41,41,50,46
2016-09-19 20:00:00,17,48,56,55,32
2016-09-19 20:20:00,16,34,21,29,40
2016-09-19 20:40:00,17,39,35,41,42
2016-09-19 21:00:00,17,24,29,32,30
2016-09-19 21:20:00,22,35,20,34,37
2016-09-19 21:40:00,5,30,24,30,33
2016-09-19 22:00:00,4,21,21,22,16
2016-09-19 22:20:00,9,24,12,24,13
2016-09-19 22:40:00,3,23,24,12,21
2016-09-19 23:00:00,1,16,16,6,7
2016-09-19 23:20:00,7,10,6,11,11
2016-09-19 23:40:00,6,13,12,22,16
2016-09-20 00:00:00,14,139,0,17,231
2016-09-20 00:20:00,13,80,2,13,148
2016-09-20 00:40:00,7,37,2,17,92
2016-09-20 01:00:00,6,6,0,15,9
2016-09-20 01:20:00,5,8,1,14,10
2016-09-20 01:40:00,5,11,0,18,5
2016-09-20 02:00:00,6,8,0,12,4
2016-09-20 02:20:00,9,12,0,17,4
2016-09-20 02:40:00,7,8,0,13,8
2016-09-20 03:00:00,10,2,0,7,6
2016-09-20 03:20:00,8,13,0,8,3
2016-09-20 03:40:00,5,18,0,11,6
2016-09-20 04:00:00,11,20,0,10,6
2016-09-20 04:20:00,8,17,0,9,6
2016-09-20 04:40:00,15,20,0,11,4
2016-09-20 05:00:00,9,27,5,12,12
2016-09-20 05:20:00,4,37,18,17,12
2016-09-20 05:40:00,10,35,21,20,18
2016-09-20 06:00:00,13,47,33,31,24
2016-09-20 06:20:00,20,59,31,43,43
2016-09-20 06:40:00,29,69,54,80,66
2016-09-20 07:00:00,38,88,79,113,83
2016-09-20 07:20:00,30,126,86,141,97
2016-09-20 07:40:00,31,139,93,136,122
2016-09-20 08:00:00,53,132,112,145,154
2016-09-20 08:20:00,50,151,111,173,209
2016-09-20 08:40:00,45,131,112,154,210
2016-09-20 09:00:00,51,150,105,144,191
2016-09-20 09:20:00,68,142,99,142,222
2016-09-20 09:40:00,59,173,87,144,174
2016-09-20 10:00:00,56,96,85,123,81
2016-09-20 10:20:00,60,92,76,137,97
2016-09-20 10:40:00,63,92,80,114,77
2016-09-20 11:00:00,57,90,63,120,79
2016-09-20 11:20:00,64,98,46,102,82
2016-09-20 11:40:00,50,87,55,111,83
2016-09-20 12:00:00,53,86,73,101,109
2016-09-20 12:20:00,62,82,88,122,78
2016-09-20 12:40:00,75,70,80,133,92
2016-09-20 13:00:00,98,99,75,130,94
2016-09-20 13:20:00,82,95,96,143,88
2016-09-20 13:40:00,84,103,69,136,99
2016-09-20 14:00:00,81,105,81,131,99
2016-09-20 14:20:00,90,94,72,141,81
2016-09-20 14:40:00,67,99,70,122,89
2016-09-20 15:00:00,71,78,62,124,80
2016-09-20 15:20:00,64,79,69,132,73
2016-09-20 15:40:00,73,71,69,131,87
2016-09-20 16:00:00,48,95,82,122,85
2016-09-20 16:20:00,57,96,76,113,97
2016-09-20 16:40:00,48,95,64,122,96
2016-09-20 17:00:00,38,111,82,126,84
2016-09-20 17:20:00,42,110,86,116,86
2016-09-20 17:40:00,38,133,85,95,106
2016-09-20 18:00:00,26,78,77,81,90
2016-09-20 18:20:00,29,60,60,100,84
2016-09-20 18:40:00,20,53,56,63,88
2016-09-20 19:00:00,17,44,61,59,53
2016-09-20 19:20:00,29,52,27,52,52
2016-09-20 19:40:00,21,49,40,48,50
2016-09-20 20:00:00,12,34,35,62,62
2016-09-20 20:20:00,16,42,31,55,48
2016-09-20 20:40:00,16,37,30,45,49
2016-09-20 21:00:00,17,41,27,47,29
2016-09-20 21:20:00,29,42,21,38,44
2016-09-20 21:40:00,37,39,5,32,38
2016-09-20 22:00:00,30,32,5,27,23
2016-09-20 22:20:00,17,30,6,22,33
2016-09-20 22:40:00,19,24,0,29,34
2016-09-20 23:00:00,20,12,5,13,10
2016-09-20 23:20:00,7,22,7,27,20
2016-09-20 23:40:00,11,14,5,23,13
2016-09-21 00:00:00,12,97,2,19,124
2016-09-21 00:20:00,6,64,2,17,116
2016-09-21 00:40:00,7,41,2,13,54
2016-09-21 01:00:00,7,9,0,17,7
2016-09-21 01:20:00,4,8,1,16,5
2016-09-21 01:40:00,6,13,1,17,7
2016-09-21 02:00:00,6,10,0,9,7
2016-09-21 02:20:00,10,7,0,12,7
2016-09-21 02:40:00,6,10,0,13,3
2016-09-21 03:00:00,5,12,0,14,4
2016-09-21 03:20:00,6,15,0,10,3
2016-09-21 03:40:00,10,19,0,11,6
2016-09-21 04:00:00,16,18,0,14,3
2016-09-21 04:20:00,14,18,0,12,3
2016-09-21 04:40:00,11,18,0,15,5
2016-09-21 05:00:00,10,31,1,16,6
2016-09-21 05:20:00,14,28,5,16,11
2016-09-21 05:40:00,28,30,6,25,11
2016-09-21 06:00:00,36,36,6,32,20
2016-09-21 06:20:00,41,50,9,47,42
2016-09-21 06:40:00,75,71,14,85,37
2016-09-21 07:00:00,78,77,42,116,66
2016-09-21 07:20:00,84,94,37,133,92
2016-09-21 07:40:00,95,99,44,151,89
2016-09-21 08:00:00,122,100,37,135,126
2016-09-21 08:20:00,126,105,30,163,122
2016-09-21 08:40:00,77,119,66,120,149
2016-09-21 09:00:00,49,137,104,139,131
2016-09-21 09:20:00,55,132,100,120,83
2016-09-21 09:40:00,53,122,80,130,78
2016-09-21 10:00:00,36,96,72,114,71
2016-09-21 10:20:00,57,98,67,115,87
2016-09-21 10:40:00,37,89,74,118,80
2016-09-21 11:00:00,32,77,45,76,70
2016-09-21 11:20:00,27,79,58,101,72
2016-09-21 11:40:00,32,78,50,97,82
2016-09-21 12:00:00,45,84,63,68,88
2016-09-21 12:20:00,42,96,42,79,85
2016-09-21 12:40:00,38,90,55,110,102
2016-09-21 13:00:00,44,87,82,99,100
2016-09-21 13:20:00,41,87,72,113,108
2016-09-21 13:40:00,51,105,62,95,99
2016-09-21 14:00:00,53,104,78,108,74
2016-09-21 14:20:00,43,93,79,93,98
2016-09-21 14:40:00,54,103,66,102,100
2016-09-21 15:00:00,48,98,63,113,98
2016-09-21 15:20:00,46,96,81,114,108
2016-09-21 15:40:00,49,90,77,89,99
2016-09-21 16:00:00,46,105,66,109,87
2016-09-21 16:20:00,45,97,81,118,88
2016-09-21 16:40:00,46,98,99,124,100
2016-09-21 17:00:00,47,94,88,118,77
2016-09-21 17:20:00,35,109,77,116,94
2016-09-21 17:40:00,20,94,83,100,95
2016-09-21 18:00:00,20,74,58,90,67
2016-09-21 18:20:00,20,85,72,72,75
2016-09-21 18:40:00,24,78,49,52,68
2016-09-21 19:00:00,19,46,47,64,60
2016-09-21 19:20:00,19,40,35,48,52
2016-09-21 19:40:00,25,49,38,65,39
2016-09-21 20:00:00,20,43,38,42,49
2016-09-21 20:20:00,15,47,18,40,40
2016-09-21 20:40:00,30,26,24,42,35
2016-09-21 21:00:00,13,29,27,42,41
2016-09-21 21:20:00,18,33,32,43,46
2016-09-21 21:40:00,11,28,26,35,30
2016-09-21 22:00:00,11,26,24,24,20
2016-09-21 22:20:00,8,23,21,33,15
2016-09-21 22:40:00,7,25,16,17,20
2016-09-21 23:00:00,19,13,7,23,21
2016-09-21 23:20:00,13,21,1,24,19
2016-09-21 23:40:00,16,14,1,18,10
2016-09-22 00:00:00,17,110,1,11,142
2016-09-22 00:20:00,5,74,1,13,106
2016-09-22 00:40:00,16,49,0,12,72
2016-09-22 01:00:00,6,6,0,16,5
2016-09-22 01:20:00,9,9,0,10,8
2016-09-22 01:40:00,12,10,0,13,5
2016-09-22 02:00:00,4,11,0,15,5
2016-09-22 02:20:00,8,8,0,8,5
2016-09-22 02:40:00,10,4,0,12,6
2016-09-22 03:00:00,7,9,0,16,5
2016-09-22 03:20:00,8,15,0,18,4
2016-09-22 03:40:00,6,13,0,12,2
2016-09-22 04:00:00,4,21,0,11,8
2016-09-22 04:20:00,10,12,0,16,5
2016-09-22 04:40:00,11,22,0,10,5
2016-09-22 05:00:00,5,27,18,16,14
2016-09-22 05:20:00,2,27,20,20,9
2016-09-22 05:40:00,3,39,21,24,10
2016-09-22 06:00:00,6,42,30,26,33
2016-09-22 06:20:00,10,61,31,33,37
2016-09-22 06:40:00,36,60,38,100,50
2016-09-22 07:00:00,28,79,72,122,63
2016-09-22 07:20:00,40,96,79,112,88
2016-09-22 07:40:00,34,100,100,134,93
2016-09-22 08:00:00,50,106,108,164,121
2016-09-22 08:20:00,58,98,110,160,127
2016-09-22 08:40:00,51,111,101,172,136
2016-09-22 09:00:00,43,123,96,151,116
2016-09-22 09:20:00,52,107,81,132,110
2016-09-22 09:40:00,59,110,65,101,96
2016-09-22 10:00:00,47,98,83,92,82
2016-09-22 10:20:00,49,106,48,112,91
2016-09-22 10:40:00,43,85,44,100,102
2016-09-22 11:00:00,27,76,60,87,64
2016-09-22 11:20:00,35,85,52,107,72
2016-09-22 11:40:00,49,84,45,91,62
2016-09-22 12:00:00,34,105,63,75,88
2016-09-22 12:20:00,43,91,61,91,107
2016-09-22 12:40:00,41,98,59,101,92
2016-09-22 13:00:00,46,96,59,106,78
2016-09-22 13:20:00,64,103,76,98,98
2016-09-22 13:40:00,41,120,75,102,115
2016-09-22 14:00:00,58,73,61,133,83
2016-09-22 14:20:00,41,90,68,104,78
2016-09-22 14:40:00,33,90,83,98,105
2016-09-22 15:00:00,61,90,62,100,94
2016-09-22 15:20:00,48,115,73,121,101
2016-09-22 15:40:00,57,89,71,120,76
2016-09-22 16:00:00,58,102,51,106,89
2016-09-22 16:20:00,52,104,93,132,87
2016-09-22 16:40:00,42,113,96,146,86
2016-09-22 17:00:00,29,114,71,131,78
2016-09-22 17:20:00,36,102,76,122,86
2016-09-22 17:40:00,33,113,70,117,78
2016-09-22 18:00:00,26,81,83,83,54
2016-09-22 18:20:00,21,83,63,86,53
2016-09-22 18:40:00,24,88,53,65,99
2016-09-22 19:00:00,30,41,39,47,57
2016-09-22 19:20:00,18,47,31,52,72
2016-09-22 19:40:00,33,43,29,39,44
2016-09-22 20:00:00,24,34,30,50,44
2016-09-22 20:20:00,18,22,45,42,39
2016-09-22 20:40:00,18,29,30,37,38
2016-09-22 21:00:00,17,29,18,41,32
2016-09-22 21:20:00,18,20,28,27,43
2016-09-22 21:40:00,20,24,16,32,36
2016-09-22 22:00:00,9,15,20,27,27
2016-09-22 22:20:00,7,26,13,23,15
2016-09-22 22:40:00,7,23,18,17,22
2016-09-22 23:00:00,2,18,12,13,13
2016-09-22 23:20:00,6,13,11,7,12
2016-09-22 23:40:00,5,13,7,12,10
2016-09-23 00:00:00,10,101,0,17,141
2016-09-23 00:20:00,11,82,4,12,93
2016-09-23 00:40:00,8,46,1,15,79
2016-09-23 01:00:00,9,6,0,16,6
2016-09-23 01:20:00,5,10,1,12,9
2016-09-23 01:40:00,7,8,0,19,4
2016-09-23 02:00:00,4,5,0,11,8
2016-09-23 02:20:00,5,7,0,14,3
2016-09-23 02:40:00,9,10,0,17,5
2016-09-23 03:00:00,8,12,0,14,9
2016-09-23 03:20:00,13,14,0,11,5
2016-09-23 03:40:00,10,15,0,12,9
2016-09-23 04:00:00,7,15,0,12,5
2016-09-23 04:20:00,11,23,0,11,3
2016-09-23 04:40:00,15,19,1,10,4
2016-09-23 05:00:00,6,34,8,9,8
2016-09-23 05:20:00,5,29,17,16,11
2016-09-23 05:40:00,7,38,26,25,22
2016-09-23 06:00:00,12,22,31,23,28
2016-09-23 06:20:00,17,63,32,60,41
2016-09-23 06:40:00,32,63,54,69,53
2016-09-23 07:00:00,28,86,82,118,66
2016-09-23 07:20:00,41,100,91,132,81
2016-09-23 07:40:00,42,93,103,152,105
2016-09-23 08:00:00,49,110,112,149,118
2016-09-23 08:20:00,68,127,106,132,135
2016-09-23 08:40:00,50,112,118,161,154
2016-09-23 09:00:00,41,129,92,176,134
2016-09-23 09:20:00,52,107,93,157,137
2016-09-23 09:40:00,44,105,76,137,96
2016-09-23 10:00:00,58,79,75,109,87
2016-09-23 10:20:00,53,65,80,106,89
2016-09-23 10:40:00,56,92,72,108,77
2016-09-23 11:00:00,56,88,52,87,94
2016-09-23 11:20:00,45,84,57,93,84
2016-09-23 11:40:00,41,92,53,83,88
2016-09-23 12:00:00,56,115,78,86,91
2016-09-23 12:20:00,51,97,77,124,79
2016-09-23 12:40:00,61,90,84,110,99
2016-09-23 13:00:00,57,107,78,117,101
2016-09-23 13:20:00,67,109,67,108,114
2016-09-23 13:40:00,45,127,83,134,118
2016-09-23 14:00:00,58,108,65,161,105
2016-09-23 14:20:00,53,115,81,132,129
2016-09-23 14:40:00,59,125,93,150,97
2016-09-23 15:00:00,47,98,98,164,98
2016-09-23 15:20:00,66,113,93,150,120
2016-09-23 15:40:00,78,114,82,182,107
2016-09-23 16:00:00,76,110,77,155,102
2016-09-23 16:20:00,86,112,100,137,119
2016-09-23 16:40:00,44,113,110,146,137
2016-09-23 17:00:00,45,113,95,130,86
2016-09-23 17:20:00,38,105,92,108,110
2016-09-23 17:40:00,46,141,95,137,121
2016-09-23 18:00:00,40,93,80,98,100
2016-09-23 18:20:00,45,96,71,129,95
2016-09-23 18:40:00,32,108,80,80,96
2016-09-23 19:00:00,29,53,63,63,58
2016-09-23 19:20:00,23,61,57,70,86
2016-09-23 19:40:00,32,56,62,50,55
2016-09-23 20:00:00,27,34,40,54,58
2016-09-23 20:20:00,25,36,31,42,49
2016-09-23 20:40:00,28,47,40,49,43
2016-09-23 21:00:00,15,36,25,45,46
2016-09-23 21:20:00,25,28,25,45,35
2016-09-23 21:40:00,21,46,27,45,27
2016-09-23 22:00:00,21,20,19,30,29
2016-09-23 22:20:00,9,31,30,28,17
2016-09-23 22:40:00,12,17,30,19,34
2016-09-23 23:00:00,4,12,11,15,12
2016-09-23 23:20:00,1,15,11,16,9
2016-09-23 23:40:00,6,20,9,13,11
2016-09-24 00:00:00,9,117,2,14,170
2016-09-24 00:20:00,12,118,1,14,106
2016-09-24 00:40:00,6,61,3,24,92
2016-09-24 01:00:00,14,10,1,19,6
2016-09-24 01:20:00,6,4,0,20,7
2016-09-24 01:40:00,10,8,2,12,13
2016-09-24 02:00:00,10,9,0,16,8
2016-09-24 02:20:00,4,8,0,16,1
2016-09-24 02:40:00,8,10,0,14,10
2016-09-24 03:00:00,11,6,0,11,7
2016-09-24 03:20:00,10,23,0,11,4
2016-09-24 03:40:00,14,15,0,16,8
2016-09-24 04:00:00,6,16,0,12,6
2016-09-24 04:20:00,11,16,0,14,2
2016-09-24 04:40:00,20,25,1,13,7
2016-09-24 05:00:00,4,29,14,8,8
2016-09-24 05:20:00,5,38,17,12,12
2016-09-24 05:40:00,9,30,16,34,14
2016-09-24 06:00:00,8,37,30,35,17
2016-09-24 06:20:00,19,58,31,52,44
2016-09-24 06:40:00,24,63,45,75,48
2016-09-24 07:00:00,28,74,46,83,73
2016-09-24 07:20:00,33,74,64,88,71
2016-09-24 07:40:00,35,106,82,104,95
2016-09-24 08:00:00,43,95,74,114,122
2016-09-24 08:20:00,64,101,86,121,113
2016-09-24 08:40:00,71,102,91,127,107
2016-09-24 09:00:00,52,82,94,117,115
2016-09-24 09:20:00,68,86,96,113,128
2016-09-24 09:40:00,66,78,100,134,124
2016-09-24 10:00:00,56,83,107,121,97
2016-09-24 10:20:00,70,86,85,119,99
2016-09-24 10:40:00,54,79,77,122,89
2016-09-24 11:00:00,54,75,89,115,87
2016-09-24 11:20:00,58,89,61,87,84
2016-09-24 11:40:00,47,91,61,104,90
2016-09-24 12:00:00,49,110,64,107,120
2016-09-24 12:20:00,31,107,76,104,72
2016-09-24 12:40:00,55,92,70,114,104
2016-09-24 13:00:00,41,90,67,122,113
2016-09-24 13:20:00,42,117,79,122,112
2016-09-24 13:40:00,64,104,83,120,108
2016-09-24 14:00:00,56,88,74,122,93
2016-09-24 14:20:00,55,87,87,116,101
2016-09-24 14:40:00,78,102,97,112,98
2016-09-24 15:00:00,55,95,80,153,104
2016-09-24 15:20:00,63,110,89,157,134
2016-09-24 15:40:00,66,104,94,110,105
2016-09-24 16:00:00,81,93,87,140,109
2016-09-24 16:20:00,59,84,83,135,107
2016-09-24 16:40:00,48,90,89,152,114
2016-09-24 17:00:00,73,94,71,167,87
2016-09-24 17:20:00,55,85,89,124,88
2016-09-24 17:40:00,32,105,85,102,87
2016-09-24 18:00:00,42,78,34,108,57
2016-09-24 18:20:00,35,75,0,108,77
2016-09-24 18:40:00,54,59,1,92,66
2016-09-24 19:00:00,32,50,0,68,53
2016-09-24 19:20:00,47,46,9,78,60
2016-09-24 19:40:00,21,51,34,59,50
2016-09-24 20:00:00,23,42,39,70,57
2016-09-24 20:20:00,28,30,35,43,62
2016-09-24 20:40:00,30,51,35,64,49
2016-09-24 21:00:00,23,26,27,56,39
2016-09-24 21:20:00,23,27,28,54,42
2016-09-24 21:40:00,16,33,17,43,35
2016-09-24 22:00:00,16,21,19,38,25
2016-09-24 22:20:00,13,20,20,34,27
2016-09-24 22:40:00,15,23,16,22,14
2016-09-24 23:00:00,6,17,10,38,24
2016-09-24 23:20:00,10,16,16,19,28
2016-09-24 23:40:00,4,12,7,18,14
2016-09-25 00:00:00,14,98,3,15,147
2016-09-25 00:20:00,8,52,0,18,111
2016-09-25 00:40:00,7,27,1,20,86
2016-09-25 01:00:00,8,14,0,18,7
2016-09-25 01:20:00,6,6,3,19,9
2016-09-25 01:40:00,2,10,2,11,7
2016-09-25 02:00:00,5,16,0,13,7
2016-09-25 02:20:00,10,6,0,19,4
2016-09-25 02:40:00,8,5,0,17,4
2016-09-25 03:00:00,5,10,0,18,3
2016-09-25 03:20:00,6,18,0,16,4
2016-09-25 03:40:00,11,16,0,8,5
2016-09-25 04:00:00,7,7,0,15,3
2016-09-25 04:20:00,7,16,0,6,4
2016-09-25 04:40:00,13,31,0,11,17
2016-09-25 05:00:00,9,35,9,11,10
2016-09-25 05:20:00,6,30,15,20,10
2016-09-25 05:40:00,8,33,16,21,17
2016-09-25 06:00:00,10,41,22,36,21
2016-09-25 06:20:00,12,47,23,43,28
2016-09-25 06:40:00,26,60,29,69,49
2016-09-25 07:00:00,20,65,30,71,50
2016-09-25 07:20:00,22,81,45,81,72
2016-09-25 07:40:00,33,65,62,88,112
2016-09-25 08:00:00,35,98,70,115,112
2016-09-25 08:20:00,40,96,75,88,111
2016-09-25 08:40:00,50,105,90,110,120
2016-09-25 09:00:00,41,108,64,92,108
2016-09-25 09:20:00,42,103,104,125,140
2016-09-25 09:40:00,49,95,93,110,102
2016-09-25 10:00:00,50,86,106,106,105
2016-09-25 10:20:00,47,103,99,116,104
2016-09-25 10:40:00,55,54,73,104,97
2016-09-25 11:00:00,55,70,81,108,104
2016-09-25 11:20:00,54,82,85,91,89
2016-09-25 11:40:00,29,65,63,82,86
2016-09-25 12:00:00,47,89,72,95,126
2016-09-25 12:20:00,58,96,65,110,98
2016-09-25 12:40:00,46,71,66,105,103
2016-09-25 13:00:00,57,92,64,101,131
2016-09-25 13:20:00,56,110,91,130,158
2016-09-25 13:40:00,60,105,83,137,131
2016-09-25 14:00:00,72,96,69,130,121
2016-09-25 14:20:00,59,100,84,151,138
2016-09-25 14:40:00,85,109,94,158,136
2016-09-25 15:00:00,65,86,94,122,122
2016-09-25 15:20:00,61,105,103,135,119
2016-09-25 15:40:00,52,113,75,130,107
2016-09-25 16:00:00,70,86,76,145,109
2016-09-25 16:20:00,63,108,92,134,100
2016-09-25 16:40:00,73,120,74,140,101
2016-09-25 17:00:00,63,105,84,119,118
2016-09-25 17:20:00,49,104,77,110,84
2016-09-25 17:40:00,42,84,56,105,82
2016-09-25 18:00:00,56,69,71,94,75
2016-09-25 18:20:00,38,61,66,85,88
2016-09-25 18:40:00,31,62,41,78,71
2016-09-25 19:00:00,37,51,43,76,66
2016-09-25 19:20:00,42,52,44,78,69
2016-09-25 19:40:00,28,62,39,53,73
2016-09-25 20:00:00,35,53,36,70,61
2016-09-25 20:20:00,28,49,31,57,62
2016-09-25 20:40:00,22,44,31,65,48
2016-09-25 21:00:00,23,33,29,46,30
2016-09-25 21:20:00,19,33,31,46,39
2016-09-25 21:40:00,18,33,21,33,27
2016-09-25 22:00:00,16,10,18,33,21
2016-09-25 22:20:00,17,17,18,30,19
2016-09-25 22:40:00,13,17,19,15,26
2016-09-25 23:00:00,10,17,19,22,10
2016-09-25 23:20:00,13,21,18,27,9
2016-09-25 23:40:00,9,15,12,18,13
2016-09-26 00:00:00,9,113,0,15,159
2016-09-26 00:20:00,6,47,1,16,88
2016-09-26 00:40:00,11,43,0,16,80
2016-09-26 01:00:00,2,3,0,21,9
2016-09-26 01:20:00,2,12,2,12,12
2016-09-26 01:40:00,7,7,0,11,10
2016-09-26 02:00:00,8,8,0,9,9
2016-09-26 02:20:00,9,4,0,12,4
2016-09-26 02:40:00,5,9,0,22,3
2016-09-26 03:00:00,9,11,0,11,4
2016-09-26 03:20:00,6,13,0,10,9
2016-09-26 03:40:00,8,16,0,17,6
2016-09-26 04:00:00,7,15,0,18,4
2016-09-26 04:20:00,13,21,0,16,5
2016-09-26 04:40:00,13,23,0,17,9
2016-09-26 05:00:00,6,21,11,9,12
2016-09-26 05:20:00,4,37,13,16,9
2016-09-26 05:40:00,10,42,27,26,14
2016-09-26 06:00:00,13,31,25,42,22
2016-09-26 06:20:00,23,61,40,67,49
2016-09-26 06:40:00,39,66,73,92,66
2016-09-26 07:00:00,44,91,88,159,83
2016-09-26 07:20:00,39,120,114,162,87
2016-09-26 07:40:00,46,116,126,151,137
2016-09-26 08:00:00,49,125,117,180,138
2016-09-26 08:20:00,52,91,130,172,164
2016-09-26 08:40:00,45,116,121,170,150
2016-09-26 09:00:00,48,120,126,136,145
2016-09-26 09:20:00,52,130,120,148,113
2016-09-26 09:40:00,51,102,81,117,104
2016-09-26 10:00:00,47,89,78,112,85
2016-09-26 10:20:00,52,105,57,105,88
2016-09-26 10:40:00,36,82,58,100,93
2016-09-26 11:00:00,36,78,65,103,60
2016-09-26 11:20:00,35,81,47,74,76
2016-09-26 11:40:00,52,72,62,112,54
2016-09-26 12:00:00,48,71,63,66,79
2016-09-26 12:20:00,37,89,71,82,82
2016-09-26 12:40:00,48,82,72,95,84
2016-09-26 13:00:00,54,87,61,98,87
2016-09-26 13:20:00,49,92,51,117,77
2016-09-26 13:40:00,49,93,64,111,89
2016-09-26 14:00:00,44,92,52,104,110
2016-09-26 14:20:00,29,108,90,146,98
2016-09-26 14:40:00,63,87,77,117,77
2016-09-26 15:00:00,33,92,76,97,102
2016-09-26 15:20:00,51,108,71,116,77
2016-09-26 15:40:00,43,83,72,98,93
2016-09-26 16:00:00,44,106,64,118,82
2016-09-26 16:20:00,56,112,75,121,89
2016-09-26 16:40:00,46,103,73,136,78
2016-09-26 17:00:00,47,106,71,120,85
2016-09-26 17:20:00,42,112,67,106,90
2016-09-26 17:40:00,30,102,63,101,82
2016-09-26 18:00:00,33,74,63,95,91
2016-09-26 18:20:00,22,85,52,88,55
2016-09-26 18:40:00,29,54,48,62,70
2016-09-26 19:00:00,31,50,35,64,59
2016-09-26 19:20:00,15,55,37,49,57
2016-09-26 19:40:00,22,47,32,48,52
2016-09-26 20:00:00,19,33,35,49,44
2016-09-26 20:20:00,19,38,35,40,58
2016-09-26 20:40:00,24,32,44,49,33
2016-09-26 21:00:00,14,33,28,46,27
2016-09-26 21:20:00,19,32,26,38,40
2016-09-26 21:40:00,10,26,23,42,28
2016-09-26 22:00:00,10,9,27,30,19
2016-09-26 22:20:00,12,28,18,26,27
2016-09-26 22:40:00,5,14,17,15,29
2016-09-26 23:00:00,3,16,11,17,14
2016-09-26 23:20:00,6,14,1,19,12
2016-09-26 23:40:00,4,20,12,14,8
2016-09-27 00:00:00,12,128,1,14,123
2016-09-27 00:20:00,20,78,1,17,87
2016-09-27 00:40:00,8,40,1,14,59
2016-09-27 01:00:00,5,6,1,23,12
2016-09-27 01:20:00,8,9,1,20,7
2016-09-27 01:40:00,6,10,3,12,5
2016-09-27 02:00:00,7,12,0,11,4
2016-09-27 02:20:00,5,10,0,11,3
2016-09-27 02:40:00,8,8,0,14,4
2016-09-27 03:00:00,9,10,0,12,5
2016-09-27 03:20:00,7,9,0,12,1
2016-09-27 03:40:00,6,12,0,12,4
2016-09-27 04:00:00,16,19,0,12,6
2016-09-27 04:20:00,11,22,0,16,1
2016-09-27 04:40:00,16,19,0,21,8
2016-09-27 05:00:00,6,26,18,14,14
2016-09-27 05:20:00,4,29,17,9,8
2016-09-27 05:40:00,10,34,19,19,22
2016-09-27 06:00:00,12,45,28,33,25
2016-09-27 06:20:00,20,63,31,41,42
2016-09-27 06:40:00,35,79,43,71,53
2016-09-27 07:00:00,56,74,51,113,71
2016-09-27 07:20:00,50,98,89,139,73
2016-09-27 07:40:00,41,113,104,142,97
2016-09-27 08:00:00,60,118,128,188,96
2016-09-27 08:20:00,45,116,117,137,118
2016-09-27 08:40:00,64,125,131,189,144
2016-09-27 09:00:00,58,129,111,150,117
2016-09-27 09:20:00,65,97,90,127,109
2016-09-27 09:40:00,45,73,94,123,94
2016-09-27 10:00:00,50,79,96,136,80
2016-09-27 10:20:00,35,89,66,118,69
2016-09-27 10:40:00,58,97,56,99,88
2016-09-27 11:00:00,31,89,50,102,55
2016-09-27 11:20:00,47,89,53,99,51
2016-09-27 11:40:00,33,74,65,86,79
2016-09-27 12:00:00,34,88,49,97,96
2016-09-27 12:20:00,44,80,62,93,90
2016-09-27 12:40:00,37,74,66,102,84
2016-09-27 13:00:00,57,89,68,129,95
2016-09-27 13:20:00,54,113,82,119,91
2016-09-27 13:40:00,90,101,32,113,99
2016-09-27 14:00:00,54,89,51,91,82
2016-09-27 14:20:00,47,93,55,115,86
2016-09-27 14:40:00,38,105,66,108,91
2016-09-27 15:00:00,39,117,68,108,75
2016-09-27 15:20:00,47,96,84,118,106
2016-09-27 15:40:00,44,112,71,114,70
2016-09-27 16:00:00,58,79,71,115,72
2016-09-27 16:20:00,53,97,67,83,91
2016-09-27 16:40:00,48,119,83,153,84
2016-09-27 17:00:00,52,94,93,138,76
2016-09-27 17:20:00,77,142,21,140,73
2016-09-27 17:40:00,45,110,59,104,82
2016-09-27 18:00:00,30,76,43,92,83
2016-09-27 18:20:00,18,85,64,72,81
2016-09-27 18:40:00,12,64,60,74,83
2016-09-27 19:00:00,40,45,24,51,53
2016-09-27 19:20:00,37,50,29,65,56
2016-09-27 19:40:00,55,31,8,64,48
2016-09-27 20:00:00,47,45,12,56,62
2016-09-27 20:20:00,51,36,6,51,34
2016-09-27 20:40:00,44,45,14,29,38
2016-09-27 21:00:00,34,22,12,36,39
2016-09-27 21:20:00,39,34,7,41,23
2016-09-27 21:40:00,26,29,11,32,45
2016-09-27 22:00:00,26,19,4,32,20
2016-09-27 22:20:00,20,16,6,21,30
2016-09-27 22:40:00,16,19,3,24,20
2016-09-27 23:00:00,12,11,8,4,17
2016-09-27 23:20:00,4,17,12,15,9
2016-09-27 23:40:00,3,22,0,14,14
2016-09-28 00:00:00,7,130,4,16,132
2016-09-28 00:20:00,5,47,3,11,95
2016-09-28 00:40:00,16,33,1,19,75
2016-09-28 01:00:00,10,5,1,23,7
2016-09-28 01:20:00,9,6,2,29,7
2016-09-28 01:40:00,7,9,1,13,6
2016-09-28 02:00:00,5,7,0,14,9
2016-09-28 02:20:00,4,10,0,14,6
2016-09-28 02:40:00,9,14,0,16,10
2016-09-28 03:00:00,6,5,0,20,4
2016-09-28 03:20:00,12,12,0,7,8
2016-09-28 03:40:00,13,19,0,13,7
2016-09-28 04:00:00,9,21,0,10,10
2016-09-28 04:20:00,7,17,0,19,6
2016-09-28 04:40:00,14,15,0,8,10
2016-09-28 05:00:00,22,31,3,14,8
2016-09-28 05:20:00,22,31,4,13,14
2016-09-28 05:40:00,19,31,8,18,21
2016-09-28 06:00:00,30,35,5,28,24
2016-09-28 06:20:00,49,62,13,37,36
2016-09-28 06:40:00,50,52,26,84,43
2016-09-28 07:00:00,91,79,34,119,75
2016-09-28 07:20:00,74,69,48,132,58
2016-09-28 07:40:00,104,108,34,135,83
2016-09-28 08:00:00,128,95,32,139,110
2016-09-28 08:20:00,137,105,41,148,132
2016-09-28 08:40:00,104,118,35,156,131
2016-09-28 09:00:00,111,94,35,145,143
2016-09-28 09:20:00,121,109,23,132,132
2016-09-28 09:40:00,136,103,21,133,84
2016-09-28 10:00:00,109,78,19,100,74
2016-09-28 10:20:00,89,116,12,92,72
2016-09-28 10:40:00,110,93,13,96,80
2016-09-28 11:00:00,88,91,16,77,72
2016-09-28 11:20:00,91,77,13,91,86
2016-09-28 11:40:00,78,91,9,75,63
2016-09-28 12:00:00,87,87,18,82,106
2016-09-28 12:20:00,89,75,10,97,77
2016-09-28 12:40:00,102,96,15,103,57
2016-09-28 13:00:00,104,96,18,96,86
2016-09-28 13:20:00,101,88,15,115,101
2016-09-28 13:40:00,95,93,15,121,89
2016-09-28 14:00:00,103,75,12,98,111
2016-09-28 14:20:00,110,83,16,80,89
2016-09-28 14:40:00,89,114,7,102,99
2016-09-28 15:00:00,91,90,11,106,83
2016-09-28 15:20:00,97,97,15,105,86
2016-09-28 15:40:00,88,83,10,107,86
2016-09-28 16:00:00,105,100,18,123,81
2016-09-28 16:20:00,97,65,29,99,91
2016-09-28 16:40:00,45,78,76,129,88
2016-09-28 17:00:00,31,86,56,115,86
2016-09-28 17:20:00,37,113,79,114,73
2016-09-28 17:40:00,31,112,69,125,76
2016-09-28 18:00:00,26,80,43,77,68
2016-09-28 18:20:00,24,69,54,66,56
2016-09-28 18:40:00,18,64,52,70,59
2016-09-28 19:00:00,28,39,42,49,50
2016-09-28 19:20:00,26,39,54,46,72
2016-09-28 19:40:00,17,40,48,63,41
2016-09-28 20:00:00,20,30,48,53,25
2016-09-28 20:20:00,24,35,42,52,18
2016-09-28 20:40:00,17,35,29,56,28
2016-09-28 21:00:00,24,17,31,47,26
2016-09-28 21:20:00,11,31,35,35,35
2016-09-28 21:40:00,16,18,19,28,26
2016-09-28 22:00:00,7,7,18,18,16
2016-09-28 22:20:00,9,22,12,17,24
2016-09-28 22:40:00,5,9,14,17,17
2016-09-28 23:00:00,11,6,6,25,12
2016-09-28 23:20:00,20,12,1,22,20
2016-09-28 23:40:00,11,17,2,18,12
2016-09-29 00:00:00,4,117,1,13,137
2016-09-29 00:20:00,9,79,4,17,63
2016-09-29 00:40:00,7,51,0,7,82
2016-09-29 01:00:00,3,12,0,17,9
2016-09-29 01:20:00,6,13,0,21,6
2016-09-29 01:40:00,11,9,0,19,4
2016-09-29 02:00:00,7,6,0,5,14
2016-09-29 02:20:00,4,13,0,10,4
2016-09-29 02:40:00,4,6,0,12,4
2016-09-29 03:00:00,3,9,0,8,6
2016-09-29 03:20:00,7,19,0,15,3
2016-09-29 03:40:00,9,12,0,9,3
2016-09-29 04:00:00,10,13,0,16,2
2016-09-29 04:20:00,10,21,0,12,5
2016-09-29 04:40:00,16,18,0,13,5
2016-09-29 05:00:00,6,25,12,11,6
2016-09-29 05:20:00,5,28,9,16,14
2016-09-29 05:40:00,4,28,11,17,12
2016-09-29 06:00:00,4,32,15,23,16
2016-09-29 06:20:00,9,36,14,41,25
2016-09-29 06:40:00,18,54,32,75,32
2016-09-29 07:00:00,25,48,68,100,48
2016-09-29 07:20:00,30,58,72,116,55
2016-09-29 07:40:00,30,83,88,121,60
2016-09-29 08:00:00,41,97,105,149,103
2016-09-29 08:20:00,48,102,99,141,105
2016-09-29 08:40:00,50,122,114,145,123
2016-09-29 09:00:00,47,97,117,128,130
2016-09-29 09:20:00,40,113,102,106,111
2016-09-29 09:40:00,48,83,82,105,121
2016-09-29 10:00:00,56,101,82,126,80
2016-09-29 10:20:00,51,98,85,117,91
2016-09-29 10:40:00,40,114,80,97,77
2016-09-29 11:00:00,39,71,48,95,85
2016-09-29 11:20:00,41,72,45,95,81
2016-09-29 11:40:00,36,83,62,100,68
2016-09-29 12:00:00,35,100,69,88,97
2016-09-29 12:20:00,35,83,78,92,83
2016-09-29 12:40:00,43,93,75,94,94
2016-09-29 13:00:00,50,74,69,101,83
2016-09-29 13:20:00,24,83,66,129,76
2016-09-29 13:40:00,43,77,75,111,95
2016-09-29 14:00:00,48,78,66,125,98
2016-09-29 14:20:00,43,66,67,110,84
2016-09-29 14:40:00,55,91,64,82,83
2016-09-29 15:00:00,53,78,82,85,93
2016-09-29 15:20:00,65,53,78,88,86
2016-09-29 15:40:00,53,94,85,130,97
2016-09-29 16:00:00,60,67,71,108,94
2016-09-29 16:20:00,50,103,78,125,110
2016-09-29 16:40:00,47,81,86,122,86
2016-09-29 17:00:00,30,94,78,105,96
2016-09-29 17:20:00,30,91,70,110,107
2016-09-29 17:40:00,30,130,71,90,111
2016-09-29 18:00:00,22,77,70,42,76
2016-09-29 18:20:00,26,70,67,9,68
2016-09-29 18:40:00,25,87,58,43,56
2016-09-29 19:00:00,18,49,45,68,15
2016-09-29 19:20:00,27,52,44,54,37
2016-09-29 19:40:00,22,35,41,46,17
2016-09-29 20:00:00,30,46,25,49,19
2016-09-29 20:20:00,16,33,26,51,52
2016-09-29 20:40:00,21,37,40,53,22
2016-09-29 21:00:00,24,28,28,65,18
2016-09-29 21:20:00,16,32,43,43,29
2016-09-29 21:40:00,17,31,41,32,28
2016-09-29 22:00:00,15,21,26,26,19
2016-09-29 22:20:00,11,35,22,24,24
2016-09-29 22:40:00,7,25,12,21,20
2016-09-29 23:00:00,3,9,26,27,15
2016-09-29 23:20:00,5,11,21,19,13
2016-09-29 23:40:00,8,12,7,7,10
2016-09-30 00:00:00,18,233,7,31,296
2016-09-30 00:20:00,16,212,2,18,279
2016-09-30 00:40:00,8,165,2,14,239
2016-09-30 01:00:00,12,10,1,21,6
2016-09-30 01:20:00,9,6,2,19,9
2016-09-30 01:40:00,10,6,0,16,6
2016-09-30 02:00:00,5,9,0,10,4
2016-09-30 02:20:00,4,9,0,13,11
2016-09-30 02:40:00,7,4,0,13,8
2016-09-30 03:00:00,10,15,0,12,3
2016-09-30 03:20:00,8,20,0,8,7
2016-09-30 03:40:00,16,20,0,11,4
2016-09-30 04:00:00,19,15,0,10,8
2016-09-30 04:20:00,9,17,0,19,8
2016-09-30 04:40:00,21,17,0,16,6
2016-09-30 05:00:00,7,29,11,9,11
2016-09-30 05:20:00,3,36,19,18,9
2016-09-30 05:40:00,9,29,16,22,13
2016-09-30 06:00:00,10,45,35,23,21
2016-09-30 06:20:00,17,50,37,58,44
2016-09-30 06:40:00,24,60,52,83,44
2016-09-30 07:00:00,29,67,77,118,68
2016-09-30 07:20:00,31,104,86,116,70
2016-09-30 07:40:00,44,95,104,134,84
2016-09-30 08:00:00,46,126,114,148,113
2016-09-30 08:20:00,48,112,104,177,121
2016-09-30 08:40:00,47,141,107,119,147
2016-09-30 09:00:00,60,132,91,179,116
2016-09-30 09:20:00,61,134,92,144,131
2016-09-30 09:40:00,63,97,75,105,120
2016-09-30 10:00:00,80,106,80,147,102
2016-09-30 10:20:00,82,133,73,119,103
2016-09-30 10:40:00,71,137,77,130,105
2016-09-30 11:00:00,55,99,84,117,108
2016-09-30 11:20:00,48,107,58,108,97
2016-09-30 11:40:00,55,121,70,113,95
2016-09-30 12:00:00,74,146,69,121,107
2016-09-30 12:20:00,86,150,100,145,119
2016-09-30 12:40:00,99,127,117,152,112
2016-09-30 13:00:00,108,150,109,155,150
2016-09-30 13:20:00,98,124,106,153,108
2016-09-30 13:40:00,95,142,123,146,130
2016-09-30 14:00:00,88,123,109,162,134
2016-09-30 14:20:00,71,116,111,166,131
2016-09-30 14:40:00,84,122,69,125,138
2016-09-30 15:00:00,75,114,138,143,91
2016-09-30 15:20:00,80,96,133,169,119
2016-09-30 15:40:00,124,77,135,206,114
2016-09-30 16:00:00,130,63,129,233,88
2016-09-30 16:20:00,132,110,148,206,110
2016-09-30 16:40:00,117,102,143,205,106
2016-09-30 17:00:00,87,67,131,216,73
2016-09-30 17:20:00,98,86,133,208,111
2016-09-30 17:40:00,133,93,52,141,116
2016-09-30 18:00:00,137,17,25,152,32
2016-09-30 18:20:00,172,19,32,140,45
2016-09-30 18:40:00,156,39,27,116,26
2016-09-30 19:00:00,156,19,20,91,24
2016-09-30 19:20:00,154,16,23,89,20
2016-09-30 19:40:00,166,23,21,69,26
2016-09-30 20:00:00,159,12,17,81,14
2016-09-30 20:20:00,149,12,15,72,14
2016-09-30 20:40:00,182,21,16,80,22
2016-09-30 21:00:00,151,7,14,95,9
2016-09-30 21:20:00,162,6,13,63,13
2016-09-30 21:40:00,137,2,11,56,15
2016-09-30 22:00:00,123,3,10,72,7
2016-09-30 22:20:00,107,15,9,55,20
2016-09-30 22:40:00,117,11,9,38,10
2016-09-30 23:00:00,101,16,11,36,12
2016-09-30 23:20:00,70,14,7,48,13
2016-09-30 23:40:00,45,17,13,45,12
2016-10-01 00:00:00,86,23,1,62,27
2016-10-01 00:20:00,63,9,4,49,18
2016-10-01 00:40:00,56,14,4,40,18
2016-10-01 01:00:00,65,0,0,47,1
2016-10-01 01:20:00,56,2,2,35,5
2016-10-01 01:40:00,43,0,1,36,6
2016-10-01 02:00:00,31,1,0,26,1
2016-10-01 02:20:00,48,1,0,32,3
2016-10-01 02:40:00,46,1,1,24,5
2016-10-01 03:00:00,41,6,2,24,3
2016-10-01 03:20:00,48,2,2,24,3
2016-10-01 03:40:00,46,4,2,39,6
2016-10-01 04:00:00,59,4,3,25,7
2016-10-01 04:20:00,81,4,2,31,2
2016-10-01 04:40:00,101,3,4,31,3
2016-10-01 05:00:00,142,5,3,49,8
2016-10-01 05:20:00,151,14,14,48,7
2016-10-01 05:40:00,193,11,9,50,9
2016-10-01 06:00:00,213,6,16,55,11
2016-10-01 06:20:00,257,19,10,96,19
2016-10-01 06:40:00,275,2,13,83,13
2016-10-01 07:00:00,267,17,19,94,15
2016-10-01 07:20:00,244,7,13,102,12
2016-10-01 07:40:00,233,10,20,134,25
2016-10-01 08:00:00,217,5,14,107,18
2016-10-01 08:20:00,210,11,14,136,12
2016-10-01 08:40:00,198,15,10,145,17
2016-10-01 09:00:00,251,21,11,165,15
2016-10-01 09:20:00,249,22,13,171,8
2016-10-01 09:40:00,242,9,9,122,16
2016-10-01 10:00:00,281,5,11,147,8
2016-10-01 10:20:00,204,13,10,166,10
2016-10-01 10:40:00,212,12,16,145,10
2016-10-01 11:00:00,202,13,10,133,15
2016-10-01 11:20:00,195,15,10,116,8
2016-10-01 11:40:00,188,4,16,108,12
2016-10-01 12:00:00,200,12,10,101,15
2016-10-01 12:20:00,215,9,8,115,12
2016-10-01 12:40:00,237,17,11,103,19
2016-10-01 13:00:00,239,18,7,116,11
2016-10-01 13:20:00,207,15,11,110,10
2016-10-01 13:40:00,224,13,13,115,14
2016-10-01 14:00:00,246,13,18,114,11
2016-10-01 14:20:00,213,14,9,120,8
2016-10-01 14:40:00,244,11,12,119,19
2016-10-01 15:00:00,203,5,8,131,17
2016-10-01 15:20:00,183,11,8,122,13
2016-10-01 15:40:00,179,14,8,101,20
2016-10-01 16:00:00,188,9,11,107,8
2016-10-01 16:20:00,208,11,10,105,8
2016-10-01 16:40:00,162,9,13,103,9
2016-10-01 17:00:00,161,12,12,72,11
2016-10-01 17:20:00,134,14,9,93,12
2016-10-01 17:40:00,97,4,4,90,6
2016-10-01 18:00:00,99,8,7,89,11
2016-10-01 18:20:00,82,5,6,61,6
2016-10-01 18:40:00,89,11,5,71,6
2016-10-01 19:00:00,76,8,3,62,13
2016-10-01 19:20:00,77,1,2,50,7
2016-10-01 19:40:00,94,6,1,76,11
2016-10-01 20:00:00,88,4,6,63,8
2016-10-01 20:20:00,68,13,4,58,8
2016-10-01 20:40:00,79,3,3,77,8
2016-10-01 21:00:00,51,6,3,61,7
2016-10-01 21:20:00,52,9,2,41,14
2016-10-01 21:40:00,52,8,2,45,7
2016-10-01 22:00:00,46,7,5,39,7
2016-10-01 22:20:00,23,6,0,35,6
2016-10-01 22:40:00,41,4,1,19,3
2016-10-01 23:00:00,35,3,1,35,2
2016-10-01 23:20:00,16,3,2,2,2
2016-10-01 23:40:00,0,2,3,0,5
2016-10-02 00:00:00,13,18,0,15,25
2016-10-02 00:20:00,7,16,0,16,13
2016-10-02 00:40:00,3,18,0,21,18
2016-10-02 01:00:00,3,1,0,21,2
2016-10-02 01:20:00,9,1,0,22,5
2016-10-02 01:40:00,4,3,0,12,1
2016-10-02 02:00:00,18,1,0,13,6
2016-10-02 02:20:00,6,2,0,16,1
2016-10-02 02:40:00,4,3,0,19,1
2016-10-02 03:00:00,10,7,0,24,1
2016-10-02 03:20:00,10,6,0,11,1
2016-10-02 03:40:00,4,9,0,14,5
2016-10-02 04:00:00,9,10,0,10,4
2016-10-02 04:20:00,10,12,0,24,5
2016-10-02 04:40:00,28,10,0,13,6
2016-10-02 05:00:00,27,13,0,16,4
2016-10-02 05:20:00,28,19,0,15,6
2016-10-02 05:40:00,45,23,0,30,16
2016-10-02 06:00:00,64,10,0,36,4
2016-10-02 06:20:00,79,30,0,47,16
2016-10-02 06:40:00,73,17,0,61,8
2016-10-02 07:00:00,163,18,0,74,12
2016-10-02 07:20:00,164,19,0,94,16
2016-10-02 07:40:00,168,21,0,95,14
2016-10-02 08:00:00,203,19,0,133,13
2016-10-02 08:20:00,237,13,15,141,14
2016-10-02 08:40:00,277,6,18,146,8
2016-10-02 09:00:00,266,14,14,175,24
2016-10-02 09:20:00,271,9,11,161,20
2016-10-02 09:40:00,211,8,8,147,13
2016-10-02 10:00:00,130,8,0,159,15
2016-10-02 10:20:00,152,10,0,156,16
2016-10-02 10:40:00,194,10,10,111,19
2016-10-02 11:00:00,160,14,4,52,19
2016-10-02 11:20:00,154,10,12,56,14
2016-10-02 11:40:00,158,10,7,56,26
2016-10-02 12:00:00,146,14,9,84,17
2016-10-02 12:20:00,144,10,3,81,10
2016-10-02 12:40:00,172,7,4,101,15
2016-10-02 13:00:00,175,11,12,125,12
2016-10-02 13:20:00,193,19,9,161,18
2016-10-02 13:40:00,202,12,6,152,15
2016-10-02 14:00:00,158,14,5,158,11
2016-10-02 14:20:00,183,13,3,163,26
2016-10-02 14:40:00,183,11,9,175,17
2016-10-02 15:00:00,182,11,8,147,20
2016-10-02 15:20:00,170,14,6,150,18
2016-10-02 15:40:00,167,18,12,102,26
2016-10-02 16:00:00,162,12,13,86,10
2016-10-02 16:20:00,168,10,8,87,14
2016-10-02 16:40:00,127,14,8,94,19
2016-10-02 17:00:00,166,5,11,98,7
2016-10-02 17:20:00,132,18,10,100,18
2016-10-02 17:40:00,108,16,4,98,9
2016-10-02 18:00:00,97,14,2,80,8
2016-10-02 18:20:00,116,11,3,62,15
2016-10-02 18:40:00,77,9,2,67,5
2016-10-02 19:00:00,92,12,2,75,14
2016-10-02 19:20:00,90,6,7,76,9
2016-10-02 19:40:00,73,6,5,69,17
2016-10-02 20:00:00,82,5,4,61,17
2016-10-02 20:20:00,105,14,7,49,10
2016-10-02 20:40:00,77,6,1,59,12
2016-10-02 21:00:00,64,5,1,58,7
2016-10-02 21:20:00,46,4,1,64,9
2016-10-02 21:40:00,54,2,1,46,3
2016-10-02 22:00:00,57,0,1,33,6
2016-10-02 22:20:00,27,4,1,26,10
2016-10-02 22:40:00,31,5,0,22,8
2016-10-02 23:00:00,0,3,0,19,3
2016-10-02 23:20:00,13,3,0,19,2
2016-10-02 23:40:00,15,2,0,20,2
2016-10-03 00:00:00,22,29,0,17,29
2016-10-03 00:20:00,11,21,1,12,21
2016-10-03 00:40:00,9,14,0,18,24
2016-10-03 01:00:00,8,3,0,22,5
2016-10-03 01:20:00,9,1,0,25,3
2016-10-03 01:40:00,9,1,0,14,2
2016-10-03 02:00:00,8,4,0,13,3
2016-10-03 02:20:00,5,4,0,10,4
2016-10-03 02:40:00,5,2,0,14,3
2016-10-03 03:00:00,4,4,0,18,5
2016-10-03 03:20:00,12,4,0,9,3
2016-10-03 03:40:00,13,11,0,8,4
2016-10-03 04:00:00,14,8,0,19,4
2016-10-03 04:20:00,13,10,0,6,7
2016-10-03 04:40:00,11,12,0,17,8
2016-10-03 05:00:00,26,20,0,13,5
2016-10-03 05:20:00,19,12,2,12,5
2016-10-03 05:40:00,38,11,1,20,4
2016-10-03 06:00:00,34,15,0,36,6
2016-10-03 06:20:00,70,16,4,59,18
2016-10-03 06:40:00,75,21,2,59,18
2016-10-03 07:00:00,91,18,4,76,11
2016-10-03 07:20:00,110,18,2,105,13
2016-10-03 07:40:00,140,12,7,105,16
2016-10-03 08:00:00,189,15,8,131,15
2016-10-03 08:20:00,196,21,8,136,16
2016-10-03 08:40:00,204,15,6,139,20
2016-10-03 09:00:00,90,13,0,200,19
2016-10-03 09:20:00,183,17,0,155,23
2016-10-03 09:40:00,183,20,0,209,17
2016-10-03 10:00:00,170,11,0,177,13
2016-10-03 10:20:00,139,14,0,160,31
2016-10-03 10:40:00,119,8,0,143,23
2016-10-03 11:00:00,103,10,0,111,28
2016-10-03 11:20:00,189,11,7,93,25
2016-10-03 11:40:00,120,15,6,60,22
2016-10-03 12:00:00,133,15,5,62,22
2016-10-03 12:20:00,154,9,7,114,28
2016-10-03 12:40:00,165,10,6,123,31
2016-10-03 13:00:00,155,20,7,97,24
2016-10-03 13:20:00,179,14,12,87,26
2016-10-03 13:40:00,178,18,10,140,22
2016-10-03 14:00:00,183,18,8,139,31
2016-10-03 14:20:00,207,21,10,118,22
2016-10-03 14:40:00,176,18,13,118,28
2016-10-03 15:00:00,176,23,5,103,23
2016-10-03 15:20:00,181,17,8,109,37
2016-10-03 15:40:00,174,8,5,93,24
2016-10-03 16:00:00,147,11,4,109,23
2016-10-03 16:20:00,142,22,3,93,19
2016-10-03 16:40:00,105,13,8,90,22
2016-10-03 17:00:00,153,11,5,97,14
2016-10-03 17:20:00,116,15,7,96,9
2016-10-03 17:40:00,111,10,5,92,7
2016-10-03 18:00:00,111,7,3,79,12
2016-10-03 18:20:00,96,10,9,78,20
2016-10-03 18:40:00,84,11,4,72,11
2016-10-03 19:00:00,88,11,4,85,11
2016-10-03 19:20:00,89,5,2,62,8
2016-10-03 19:40:00,89,7,3,41,16
2016-10-03 20:00:00,75,9,5,50,10
2016-10-03 20:20:00,72,3,6,48,14
2016-10-03 20:40:00,72,11,3,42,11
2016-10-03 21:00:00,70,4,2,63,6
2016-10-03 21:20:00,69,5,4,52,10
2016-10-03 21:40:00,56,5,0,50,7
2016-10-03 22:00:00,36,2,1,23,2
2016-10-03 22:20:00,42,5,0,26,4
2016-10-03 22:40:00,40,6,0,25,10
2016-10-03 23:00:00,37,3,1,26,4
2016-10-03 23:20:00,20,5,2,21,1
2016-10-03 23:40:00,21,5,1,16,0
2016-10-04 00:00:00,10,29,1,20,46
2016-10-04 00:20:00,19,20,0,20,35
2016-10-04 00:40:00,14,19,0,16,28
2016-10-04 01:00:00,12,2,0,18,5
2016-10-04 01:20:00,10,2,0,28,0
2016-10-04 01:40:00,10,1,1,13,1
2016-10-04 02:00:00,7,5,0,12,3
2016-10-04 02:20:00,8,4,0,13,6
2016-10-04 02:40:00,6,3,0,19,3
2016-10-04 03:00:00,8,5,0,13,4
2016-10-04 03:20:00,10,4,0,15,4
2016-10-04 03:40:00,11,10,1,11,5
2016-10-04 04:00:00,7,9,0,14,6
2016-10-04 04:20:00,10,16,0,16,5
2016-10-04 04:40:00,13,12,0,9,3
2016-10-04 05:00:00,18,13,0,12,8
2016-10-04 05:20:00,27,20,1,18,8
2016-10-04 05:40:00,30,14,0,30,8
2016-10-04 06:00:00,40,12,0,34,6
2016-10-04 06:20:00,58,24,2,41,18
2016-10-04 06:40:00,82,27,2,90,11
2016-10-04 07:00:00,102,21,6,99,6
2016-10-04 07:20:00,123,24,5,94,15
2016-10-04 07:40:00,135,20,7,111,19
2016-10-04 08:00:00,175,26,4,123,15
2016-10-04 08:20:00,192,20,8,132,20
2016-10-04 08:40:00,215,23,8,171,35
2016-10-04 09:00:00,232,26,10,170,26
2016-10-04 09:20:00,207,20,9,149,25
2016-10-04 09:40:00,229,23,11,108,23
2016-10-04 10:00:00,241,11,14,109,17
2016-10-04 10:20:00,213,23,10,141,25
2016-10-04 10:40:00,224,27,10,139,20
2016-10-04 11:00:00,176,18,13,122,16
2016-10-04 11:20:00,164,18,11,112,16
2016-10-04 11:40:00,151,12,8,106,23
2016-10-04 12:00:00,140,15,13,117,22
2016-10-04 12:20:00,141,19,9,107,19
2016-10-04 12:40:00,167,22,5,134,27
2016-10-04 13:00:00,163,24,8,143,8
2016-10-04 13:20:00,173,25,16,147,26
2016-10-04 13:40:00,138,21,8,154,30
2016-10-04 14:00:00,191,22,15,162,23
2016-10-04 14:20:00,174,23,10,173,29
2016-10-04 14:40:00,196,16,21,149,25
2016-10-04 15:00:00,200,23,16,155,19
2016-10-04 15:20:00,215,20,12,149,28
2016-10-04 15:40:00,189,26,13,134,24
2016-10-04 16:00:00,199,25,19,133,16
2016-10-04 16:20:00,224,16,13,142,15
2016-10-04 16:40:00,216,19,12,170,20
2016-10-04 17:00:00,205,12,19,127,8
2016-10-04 17:20:00,193,18,15,95,7
2016-10-04 17:40:00,173,14,8,111,18
2016-10-04 18:00:00,131,14,6,112,15
2016-10-04 18:20:00,107,11,9,85,11
2016-10-04 18:40:00,111,11,7,94,7
2016-10-04 19:00:00,130,11,7,106,18
2016-10-04 19:20:00,115,9,5,77,12
2016-10-04 19:40:00,123,9,8,98,15
2016-10-04 20:00:00,109,4,7,63,9
2016-10-04 20:20:00,126,6,3,70,8
2016-10-04 20:40:00,86,11,6,65,10
2016-10-04 21:00:00,80,5,2,69,5
2016-10-04 21:20:00,52,10,5,56,7
2016-10-04 21:40:00,47,7,0,48,11
2016-10-04 22:00:00,45,6,1,31,3
2016-10-04 22:20:00,39,7,1,21,5
2016-10-04 22:40:00,27,3,3,25,6
2016-10-04 23:00:00,28,4,1,36,4
2016-10-04 23:20:00,16,6,0,34,5
2016-10-04 23:40:00,21,6,0,15,4
2016-10-05 00:00:00,31,33,0,18,41
2016-10-05 00:20:00,18,14,0,15,39
2016-10-05 00:40:00,16,17,0,17,15
2016-10-05 01:00:00,6,3,1,22,1
2016-10-05 01:20:00,12,4,1,27,2
2016-10-05 01:40:00,7,6,1,23,4
2016-10-05 02:00:00,9,5,0,18,5
2016-10-05 02:20:00,13,6,0,22,3
2016-10-05 02:40:00,3,5,0,22,2
2016-10-05 03:00:00,11,5,0,19,4
2016-10-05 03:20:00,5,8,0,12,1
2016-10-05 03:40:00,6,11,0,7,8
2016-10-05 04:00:00,10,5,1,17,1
2016-10-05 04:20:00,11,7,1,15,2
2016-10-05 04:40:00,22,14,2,14,13
2016-10-05 05:00:00,25,14,0,17,6
2016-10-05 05:20:00,23,18,0,16,5
2016-10-05 05:40:00,41,18,0,25,9
2016-10-05 06:00:00,43,18,2,40,13
2016-10-05 06:20:00,67,28,2,68,20
2016-10-05 06:40:00,86,26,0,87,14
2016-10-05 07:00:00,87,23,5,104,15
2016-10-05 07:20:00,102,20,4,105,14
2016-10-05 07:40:00,130,22,3,121,12
2016-10-05 08:00:00,130,16,12,150,20
2016-10-05 08:20:00,192,22,15,150,22
2016-10-05 08:40:00,182,24,10,157,24
2016-10-05 09:00:00,165,15,5,149,35
2016-10-05 09:20:00,188,29,14,170,34
2016-10-05 09:40:00,166,29,10,104,20
2016-10-05 10:00:00,179,19,2,120,16
2016-10-05 10:20:00,212,22,10,105,36
2016-10-05 10:40:00,223,12,15,153,28
2016-10-05 11:00:00,181,23,20,173,22
2016-10-05 11:20:00,180,14,11,140,28
2016-10-05 11:40:00,142,16,11,80,13
2016-10-05 12:00:00,173,22,10,89,29
2016-10-05 12:20:00,131,23,5,122,17
2016-10-05 12:40:00,167,32,8,150,25
2016-10-05 13:00:00,162,15,8,137,32
2016-10-05 13:20:00,177,23,13,140,35
2016-10-05 13:40:00,178,21,13,145,32
2016-10-05 14:00:00,222,12,22,135,32
2016-10-05 14:20:00,184,16,12,141,33
2016-10-05 14:40:00,198,22,18,184,32
2016-10-05 15:00:00,239,24,14,148,19
2016-10-05 15:20:00,217,17,11,191,18
2016-10-05 15:40:00,191,21,13,169,21
2016-10-05 16:00:00,253,18,20,175,29
2016-10-05 16:20:00,246,17,20,149,26
2016-10-05 16:40:00,205,19,19,176,14
2016-10-05 17:00:00,163,10,23,154,8
2016-10-05 17:20:00,179,16,16,129,16
2016-10-05 17:40:00,215,17,12,108,12
2016-10-05 18:00:00,189,12,10,111,10
2016-10-05 18:20:00,175,18,12,99,5
2016-10-05 18:40:00,128,10,5,99,9
2016-10-05 19:00:00,107,10,4,100,13
2016-10-05 19:20:00,162,2,0,68,13
2016-10-05 19:40:00,140,6,0,83,11
2016-10-05 20:00:00,152,10,9,94,12
2016-10-05 20:20:00,149,14,10,84,13
2016-10-05 20:40:00,145,5,6,90,12
2016-10-05 21:00:00,125,1,7,96,10
2016-10-05 21:20:00,93,5,7,80,5
2016-10-05 21:40:00,52,9,4,53,7
2016-10-05 22:00:00,43,3,4,44,2
2016-10-05 22:20:00,43,3,2,42,2
2016-10-05 22:40:00,43,5,1,34,7
2016-10-05 23:00:00,27,3,1,11,2
2016-10-05 23:20:00,23,6,0,4,4
2016-10-05 23:40:00,26,4,0,20,7
2016-10-06 00:00:00,21,36,0,23,38
2016-10-06 00:20:00,22,23,0,15,31
2016-10-06 00:40:00,17,7,0,26,36
2016-10-06 01:00:00,13,6,1,29,2
2016-10-06 01:20:00,10,3,0,22,2
2016-10-06 01:40:00,9,2,1,12,1
2016-10-06 02:00:00,13,6,0,10,4
2016-10-06 02:20:00,3,6,0,17,2
2016-10-06 02:40:00,9,7,0,22,2
2016-10-06 03:00:00,17,3,0,11,5
2016-10-06 03:20:00,9,8,0,16,3
2016-10-06 03:40:00,16,8,0,11,2
2016-10-06 04:00:00,8,7,0,16,1
2016-10-06 04:20:00,16,10,0,10,6
2016-10-06 04:40:00,13,9,0,16,9
2016-10-06 05:00:00,28,18,1,19,13
2016-10-06 05:20:00,26,21,0,20,9
2016-10-06 05:40:00,28,20,0,36,8
2016-10-06 06:00:00,46,23,1,39,13
2016-10-06 06:20:00,53,22,1,57,10
2016-10-06 06:40:00,72,34,2,73,20
2016-10-06 07:00:00,80,14,3,109,22
2016-10-06 07:20:00,114,21,7,131,17
2016-10-06 07:40:00,135,18,13,127,16
2016-10-06 08:00:00,122,18,8,124,21
2016-10-06 08:20:00,150,21,7,148,18
2016-10-06 08:40:00,170,14,19,129,25
2016-10-06 09:00:00,160,20,16,140,28
2016-10-06 09:20:00,189,27,12,169,19
2016-10-06 09:40:00,173,23,12,162,28
2016-10-06 10:00:00,178,22,17,157,29
2016-10-06 10:20:00,132,32,9,123,28
2016-10-06 10:40:00,130,28,7,91,30
2016-10-06 11:00:00,147,23,18,105,21
2016-10-06 11:20:00,135,12,12,95,21
2016-10-06 11:40:00,147,34,6,109,16
2016-10-06 12:00:00,113,30,8,99,39
2016-10-06 12:20:00,139,14,9,87,25
2016-10-06 12:40:00,140,22,11,92,28
2016-10-06 13:00:00,168,31,11,124,38
2016-10-06 13:20:00,192,30,23,110,25
2016-10-06 13:40:00,200,20,14,105,30
2016-10-06 14:00:00,202,20,16,111,28
2016-10-06 14:20:00,201,20,13,129,19
2016-10-06 14:40:00,201,24,13,129,25
2016-10-06 15:00:00,224,12,25,140,23
2016-10-06 15:20:00,209,22,15,97,30
2016-10-06 15:40:00,193,22,10,113,21
2016-10-06 16:00:00,201,26,18,104,17
2016-10-06 16:20:00,211,23,22,112,19
2016-10-06 16:40:00,170,15,11,95,20
2016-10-06 17:00:00,196,12,18,105,17
2016-10-06 17:20:00,163,16,11,106,10
2016-10-06 17:40:00,154,19,11,100,16
2016-10-06 18:00:00,157,15,14,91,12
2016-10-06 18:20:00,130,10,5,80,12
2016-10-06 18:40:00,140,17,8,62,3
2016-10-06 19:00:00,156,2,11,64,10
2016-10-06 19:20:00,140,11,9,90,10
2016-10-06 19:40:00,133,13,14,125,9
2016-10-06 20:00:00,145,12,10,102,8
2016-10-06 20:20:00,126,6,4,109,8
2016-10-06 20:40:00,85,4,3,79,12
2016-10-06 21:00:00,53,5,1,59,11
2016-10-06 21:20:00,66,13,2,83,4
2016-10-06 21:40:00,63,9,0,43,8
2016-10-06 22:00:00,36,4,2,39,9
2016-10-06 22:20:00,33,5,1,51,9
2016-10-06 22:40:00,22,2,1,31,4
2016-10-06 23:00:00,9,9,1,32,6
2016-10-06 23:20:00,26,7,0,47,5
2016-10-06 23:40:00,25,2,0,20,6
2016-10-07 00:00:00,17,21,0,17,45
2016-10-07 00:20:00,15,15,0,22,47
2016-10-07 00:40:00,9,20,0,26,22
2016-10-07 01:00:00,15,0,0,17,4
2016-10-07 01:20:00,10,5,0,25,2
2016-10-07 01:40:00,10,2,0,20,2
2016-10-07 02:00:00,13,3,0,14,3
2016-10-07 02:20:00,9,6,0,19,2
2016-10-07 02:40:00,8,4,0,19,1
2016-10-07 03:00:00,9,4,0,20,1
2016-10-07 03:20:00,9,8,0,14,3
2016-10-07 03:40:00,10,9,0,16,5
2016-10-07 04:00:00,17,11,0,23,3
2016-10-07 04:20:00,10,10,0,19,6
2016-10-07 04:40:00,17,11,0,9,6
2016-10-07 05:00:00,11,19,0,12,5
2016-10-07 05:20:00,20,12,0,19,8
2016-10-07 05:40:00,27,21,2,30,11
2016-10-07 06:00:00,40,17,1,53,10
2016-10-07 06:20:00,53,23,2,71,29
2016-10-07 06:40:00,79,32,2,71,20
2016-10-07 07:00:00,94,26,2,103,20
2016-10-07 07:20:00,112,18,8,116,16
2016-10-07 07:40:00,92,30,9,119,20
2016-10-07 08:00:00,110,23,8,145,19
2016-10-07 08:20:00,122,18,14,140,32
2016-10-07 08:40:00,113,19,9,130,19
2016-10-07 09:00:00,147,21,11,131,32
2016-10-07 09:20:00,155,28,7,137,32
2016-10-07 09:40:00,148,23,10,140,28
2016-10-07 10:00:00,151,19,11,143,30
2016-10-07 10:20:00,119,19,13,110,25
2016-10-07 10:40:00,153,30,7,89,29
2016-10-07 11:00:00,130,21,5,92,18
2016-10-07 11:20:00,122,19,8,106,20
2016-10-07 11:40:00,115,21,10,106,21
2016-10-07 12:00:00,150,28,6,107,25
2016-10-07 12:20:00,101,28,7,99,19
2016-10-07 12:40:00,154,32,12,116,33
2016-10-07 13:00:00,153,31,8,127,35
2016-10-07 13:20:00,153,28,10,106,35
2016-10-07 13:40:00,197,31,18,132,38
2016-10-07 14:00:00,175,29,12,138,24
2016-10-07 14:20:00,184,28,23,130,26
2016-10-07 14:40:00,234,33,16,143,27
2016-10-07 15:00:00,188,23,13,155,28
2016-10-07 15:20:00,190,21,18,134,20
2016-10-07 15:40:00,202,32,16,169,29
2016-10-07 16:00:00,182,19,12,129,13
2016-10-07 16:20:00,159,18,6,133,14
2016-10-07 16:40:00,179,16,13,134,26
2016-10-07 17:00:00,172,15,7,144,12
2016-10-07 17:20:00,118,23,12,101,14
2016-10-07 17:40:00,130,18,9,130,16
2016-10-07 18:00:00,95,15,9,93,13
2016-10-07 18:20:00,98,18,6,87,13
2016-10-07 18:40:00,64,10,6,85,12
2016-10-07 19:00:00,85,11,8,97,10
2016-10-07 19:20:00,105,6,7,120,15
2016-10-07 19:40:00,91,12,5,102,14
2016-10-07 20:00:00,91,11,4,82,8
2016-10-07 20:20:00,70,11,5,83,18
2016-10-07 20:40:00,62,7,9,75,10
2016-10-07 21:00:00,47,11,1,61,6
2016-10-07 21:20:00,34,4,1,51,8
2016-10-07 21:40:00,39,15,3,27,8
2016-10-07 22:00:00,40,6,5,29,5
2016-10-07 22:20:00,24,11,3,19,10
2016-10-07 22:40:00,28,7,1,38,5
2016-10-07 23:00:00,44,6,1,23,5
2016-10-07 23:20:00,58,8,2,23,4
2016-10-07 23:40:00,50,9,0,49,8
2016-10-08 00:00:00,15,94,0,16,153
2016-10-08 00:20:00,10,47,3,21,107
2016-10-08 00:40:00,6,27,0,13,91
2016-10-08 01:00:00,4,6,1,16,13
2016-10-08 01:20:00,9,6,0,16,10
2016-10-08 01:40:00,3,3,0,13,5
2016-10-08 02:00:00,7,5,0,7,7
2016-10-08 02:20:00,7,3,0,13,4
2016-10-08 02:40:00,6,5,0,10,3
2016-10-08 03:00:00,5,5,0,15,1
2016-10-08 03:20:00,3,10,1,9,6
2016-10-08 03:40:00,5,10,0,10,6
2016-10-08 04:00:00,5,11,0,9,5
2016-10-08 04:20:00,13,18,0,15,5
2016-10-08 04:40:00,9,18,1,11,8
2016-10-08 05:00:00,2,23,9,15,8
2016-10-08 05:20:00,2,26,14,11,4
2016-10-08 05:40:00,7,23,9,17,17
2016-10-08 06:00:00,9,30,25,27,11
2016-10-08 06:20:00,12,38,27,56,28
2016-10-08 06:40:00,19,67,37,69,39
2016-10-08 07:00:00,21,66,72,120,59
2016-10-08 07:20:00,36,89,77,124,79
2016-10-08 07:40:00,27,94,97,149,105
2016-10-08 08:00:00,31,96,106,137,128
2016-10-08 08:20:00,39,117,93,152,129
2016-10-08 08:40:00,38,82,83,145,142
2016-10-08 09:00:00,35,113,83,148,132
2016-10-08 09:20:00,31,73,99,137,127
2016-10-08 09:40:00,38,130,86,120,101
2016-10-08 10:00:00,37,79,60,96,73
2016-10-08 10:20:00,41,85,64,88,92
2016-10-08 10:40:00,34,100,63,96,72
2016-10-08 11:00:00,25,91,36,71,84
2016-10-08 11:20:00,28,77,53,87,71
2016-10-08 11:40:00,24,66,41,98,76
2016-10-08 12:00:00,42,78,53,83,66
2016-10-08 12:20:00,36,76,53,83,80
2016-10-08 12:40:00,41,89,63,91,88
2016-10-08 13:00:00,46,96,79,97,101
2016-10-08 13:20:00,43,80,71,104,100
2016-10-08 13:40:00,35,90,76,98,119
2016-10-08 14:00:00,37,77,63,95,94
2016-10-08 14:20:00,45,104,75,106,107
2016-10-08 14:40:00,33,93,44,97,105
2016-10-08 15:00:00,44,91,66,117,94
2016-10-08 15:20:00,42,94,69,85,92
2016-10-08 15:40:00,40,99,69,99,94
2016-10-08 16:00:00,49,95,61,110,79
2016-10-08 16:20:00,44,81,65,107,104
2016-10-08 16:40:00,36,82,56,111,98
2016-10-08 17:00:00,37,92,63,99,87
2016-10-08 17:20:00,23,109,60,106,88
2016-10-08 17:40:00,26,104,60,99,89
2016-10-08 18:00:00,20,84,46,72,61
2016-10-08 18:20:00,28,70,54,66,71
2016-10-08 18:40:00,20,61,37,52,81
2016-10-08 19:00:00,25,52,44,50,52
2016-10-08 19:20:00,22,49,41,51,51
2016-10-08 19:40:00,15,40,19,55,42
2016-10-08 20:00:00,17,28,33,32,50
2016-10-08 20:20:00,12,31,31,38,31
2016-10-08 20:40:00,15,36,29,42,32
2016-10-08 21:00:00,14,27,21,28,24
2016-10-08 21:20:00,7,27,22,29,25
2016-10-08 21:40:00,16,25,27,26,28
2016-10-08 22:00:00,11,19,15,21,20
2016-10-08 22:20:00,10,19,8,14,17
2016-10-08 22:40:00,10,7,14,13,10
2016-10-08 23:00:00,8,6,17,14,7
2016-10-08 23:20:00,1,4,1,9,13
2016-10-08 23:40:00,0,1,0,0,3
2016-10-09 00:00:00,7,130,1,13,141
2016-10-09 00:20:00,7,56,1,14,92
2016-10-09 00:40:00,8,21,2,12,53
2016-10-09 01:00:00,6,5,1,19,8
2016-10-09 01:20:00,9,3,0,15,3
2016-10-09 01:40:00,3,7,3,13,8
2016-10-09 02:00:00,1,6,1,9,2
2016-10-09 02:20:00,9,6,0,11,2
2016-10-09 02:40:00,7,5,0,15,5
2016-10-09 03:00:00,4,8,0,12,3
2016-10-09 03:20:00,6,13,0,16,6
2016-10-09 03:40:00,5,12,0,9,4
2016-10-09 04:00:00,13,15,0,8,7
2016-10-09 04:20:00,8,25,1,22,3
2016-10-09 04:40:00,10,21,1,15,7
2016-10-09 05:00:00,4,31,12,18,5
2016-10-09 05:20:00,7,24,8,10,9
2016-10-09 05:40:00,10,33,18,21,23
2016-10-09 06:00:00,8,33,29,21,16
2016-10-09 06:20:00,9,41,31,46,33
2016-10-09 06:40:00,17,53,45,75,46
2016-10-09 07:00:00,26,66,61,107,48
2016-10-09 07:20:00,25,81,99,109,62
2016-10-09 07:40:00,33,93,100,110,80
2016-10-09 08:00:00,46,117,125,136,112
2016-10-09 08:20:00,39,121,114,156,109
2016-10-09 08:40:00,35,103,113,145,105
2016-10-09 09:00:00,45,127,125,128,109
2016-10-09 09:20:00,41,93,94,122,102
2016-10-09 09:40:00,41,75,80,97,82
2016-10-09 10:00:00,28,73,66,100,82
2016-10-09 10:20:00,40,98,79,89,81
2016-10-09 10:40:00,39,87,64,106,86
2016-10-09 11:00:00,38,72,64,116,63
2016-10-09 11:20:00,28,64,52,100,79
2016-10-09 11:40:00,26,88,61,74,81
2016-10-09 12:00:00,39,89,65,83,83
2016-10-09 12:20:00,33,86,68,86,81
2016-10-09 12:40:00,43,94,63,106,88
2016-10-09 13:00:00,39,104,66,104,112
2016-10-09 13:20:00,46,104,61,84,95
2016-10-09 13:40:00,32,122,48,109,109
2016-10-09 14:00:00,48,96,64,106,120
2016-10-09 14:20:00,36,105,54,92,119
2016-10-09 14:40:00,54,92,65,111,81
2016-10-09 15:00:00,49,84,74,104,97
2016-10-09 15:20:00,40,90,61,119,95
2016-10-09 15:40:00,48,107,69,113,89
2016-10-09 16:00:00,35,80,60,110,99
2016-10-09 16:20:00,42,100,63,118,100
2016-10-09 16:40:00,38,113,72,132,111
2016-10-09 17:00:00,33,127,69,113,76
2016-10-09 17:20:00,28,110,83,99,91
2016-10-09 17:40:00,32,105,73,98,93
2016-10-09 18:00:00,20,56,70,88,70
2016-10-09 18:20:00,29,80,48,62,80
2016-10-09 18:40:00,23,56,54,64,73
2016-10-09 19:00:00,33,39,36,46,54
2016-10-09 19:20:00,21,46,46,44,49
2016-10-09 19:40:00,20,51,36,54,46
2016-10-09 20:00:00,15,35,35,25,53
2016-10-09 20:20:00,26,35,33,56,44
2016-10-09 20:40:00,19,44,25,39,38
2016-10-09 21:00:00,22,22,34,35,32
2016-10-09 21:20:00,16,28,29,29,34
2016-10-09 21:40:00,17,32,19,34,33
2016-10-09 22:00:00,4,23,14,20,12
2016-10-09 22:20:00,6,27,22,16,20
2016-10-09 22:40:00,10,17,12,20,13
2016-10-09 23:00:00,0,8,14,5,18
2016-10-09 23:20:00,3,11,6,5,8
2016-10-09 23:40:00,6,13,7,11,16
2016-10-10 00:00:00,13,89,2,22,126
2016-10-10 00:20:00,16,64,2,21,80
2016-10-10 00:40:00,11,38,0,11,62
2016-10-10 01:00:00,7,3,0,19,8
2016-10-10 01:20:00,4,5,0,23,4
2016-10-10 01:40:00,7,5,1,16,3
2016-10-10 02:00:00,6,6,0,11,2
2016-10-10 02:20:00,9,7,0,11,3
2016-10-10 02:40:00,12,4,0,12,6
2016-10-10 03:00:00,7,9,0,17,3
2016-10-10 03:20:00,6,11,0,12,7
2016-10-10 03:40:00,8,18,0,12,2
2016-10-10 04:00:00,2,15,0,12,3
2016-10-10 04:20:00,16,22,0,14,7
2016-10-10 04:40:00,7,26,0,11,9
2016-10-10 05:00:00,2,29,9,13,14
2016-10-10 05:20:00,3,37,17,13,16
2016-10-10 05:40:00,9,39,30,34,7
2016-10-10 06:00:00,13,33,23,25,16
2016-10-10 06:20:00,13,61,34,60,37
2016-10-10 06:40:00,18,59,49,68,42
2016-10-10 07:00:00,34,69,82,123,61
2016-10-10 07:20:00,40,102,114,136,84
2016-10-10 07:40:00,37,146,115,151,80
2016-10-10 08:00:00,47,111,129,153,124
2016-10-10 08:20:00,44,114,120,150,99
2016-10-10 08:40:00,57,103,117,135,138
2016-10-10 09:00:00,51,131,121,141,120
2016-10-10 09:20:00,44,123,92,153,109
2016-10-10 09:40:00,53,107,90,114,95
2016-10-10 10:00:00,35,102,60,94,79
2016-10-10 10:20:00,42,87,57,111,95
2016-10-10 10:40:00,40,89,76,112,94
2016-10-10 11:00:00,37,78,57,99,85
2016-10-10 11:20:00,26,79,55,68,80
2016-10-10 11:40:00,19,69,55,83,70
2016-10-10 12:00:00,41,99,67,106,93
2016-10-10 12:20:00,28,84,76,102,79
2016-10-10 12:40:00,36,66,66,105,80
2016-10-10 13:00:00,51,90,69,108,66
2016-10-10 13:20:00,42,85,57,100,106
2016-10-10 13:40:00,44,107,85,96,70
2016-10-10 14:00:00,33,86,65,97,104
2016-10-10 14:20:00,45,92,61,96,83
2016-10-10 14:40:00,51,95,69,74,83
2016-10-10 15:00:00,46,90,66,116,99
2016-10-10 15:20:00,36,109,69,99,84
2016-10-10 15:40:00,56,96,70,119,74
2016-10-10 16:00:00,42,116,77,110,85
2016-10-10 16:20:00,45,69,67,111,86
2016-10-10 16:40:00,28,103,81,102,92
2016-10-10 17:00:00,41,109,85,110,79
2016-10-10 17:20:00,22,124,65,121,94
2016-10-10 17:40:00,16,110,55,88,117
2016-10-10 18:00:00,20,53,59,71,63
2016-10-10 18:20:00,28,81,53,79,64
2016-10-10 18:40:00,23,71,41,64,72
2016-10-10 19:00:00,14,54,30,32,50
2016-10-10 19:20:00,21,60,31,69,54
2016-10-10 19:40:00,19,44,31,58,55
2016-10-10 20:00:00,15,40,32,53,44
2016-10-10 20:20:00,20,33,41,59,42
2016-10-10 20:40:00,17,39,26,40,44
2016-10-10 21:00:00,22,30,25,36,33
2016-10-10 21:20:00,8,34,32,16,40
2016-10-10 21:40:00,16,34,16,32,18
2016-10-10 22:00:00,5,25,24,19,24
2016-10-10 22:20:00,11,26,17,19,22
2016-10-10 22:40:00,5,13,10,24,23
2016-10-10 23:00:00,9,11,0,22,10
2016-10-10 23:20:00,5,15,9,24,21
2016-10-10 23:40:00,4,8,12,9,28
2016-10-11 00:00:00,12,98,4,18,110
2016-10-11 00:20:00,14,44,2,19,83
2016-10-11 00:40:00,10,34,2,16,65
2016-10-11 01:00:00,6,10,0,23,6
2016-10-11 01:20:00,11,8,0,18,8
2016-10-11 01:40:00,4,8,0,10,8
2016-10-11 02:00:00,3,6,0,15,8
2016-10-11 02:20:00,12,9,0,15,5
2016-10-11 02:40:00,6,7,0,13,5
2016-10-11 03:00:00,6,7,0,11,2
2016-10-11 03:20:00,5,10,0,9,2
2016-10-11 03:40:00,3,19,0,4,8
2016-10-11 04:00:00,12,16,0,14,3
2016-10-11 04:20:00,15,17,0,15,4
2016-10-11 04:40:00,12,20,0,14,13
2016-10-11 05:00:00,6,23,14,15,12
2016-10-11 05:20:00,11,33,9,24,18
2016-10-11 05:40:00,6,37,22,23,16
2016-10-11 06:00:00,9,37,25,28,17
2016-10-11 06:20:00,26,51,31,44,39
2016-10-11 06:40:00,18,56,52,92,53
2016-10-11 07:00:00,30,72,94,101,54
2016-10-11 07:20:00,40,94,109,126,79
2016-10-11 07:40:00,52,93,103,147,84
2016-10-11 08:00:00,49,130,122,168,116
2016-10-11 08:20:00,49,108,106,136,111
2016-10-11 08:40:00,40,126,123,172,129
2016-10-11 09:00:00,45,129,106,141,118
2016-10-11 09:20:00,47,108,92,122,115
2016-10-11 09:40:00,44,123,71,122,92
2016-10-11 10:00:00,37,114,69,107,68
2016-10-11 10:20:00,47,75,55,99,70
2016-10-11 10:40:00,37,86,71,111,74
2016-10-11 11:00:00,37,81,66,90,69
2016-10-11 11:20:00,37,79,71,91,94
2016-10-11 11:40:00,47,68,61,93,72
2016-10-11 12:00:00,42,98,69,76,80
2016-10-11 12:20:00,42,86,63,110,98
2016-10-11 12:40:00,51,79,72,92,89
2016-10-11 13:00:00,35,121,58,86,120
2016-10-11 13:20:00,37,104,52,84,148
2016-10-11 13:40:00,36,91,64,80,79
2016-10-11 14:00:00,44,77,69,86,75
2016-10-11 14:20:00,43,91,76,98,112
2016-10-11 14:40:00,48,111,70,98,109
2016-10-11 15:00:00,43,85,79,106,80
2016-10-11 15:20:00,57,90,87,105,61
2016-10-11 15:40:00,39,86,79,101,92
2016-10-11 16:00:00,52,81,63,111,86
2016-10-11 16:20:00,45,91,79,120,93
2016-10-11 16:40:00,42,103,74,121,87
2016-10-11 17:00:00,39,75,95,114,98
2016-10-11 17:20:00,30,93,66,118,89
2016-10-11 17:40:00,24,109,76,111,118
2016-10-11 18:00:00,27,66,54,105,78
2016-10-11 18:20:00,33,83,56,72,76
2016-10-11 18:40:00,25,62,50,60,75
2016-10-11 19:00:00,24,61,44,46,70
2016-10-11 19:20:00,27,54,28,69,54
2016-10-11 19:40:00,18,40,30,62,51
2016-10-11 20:00:00,11,35,40,38,46
2016-10-11 20:20:00,19,41,24,49,37
2016-10-11 20:40:00,13,38,37,38,52
2016-10-11 21:00:00,20,35,33,34,37
2016-10-11 21:20:00,11,34,28,36,37
2016-10-11 21:40:00,9,23,26,36,33
2016-10-11 22:00:00,8,22,22,25,18
2016-10-11 22:20:00,5,21,19,20,16
2016-10-11 22:40:00,9,26,16,16,16
2016-10-11 23:00:00,11,14,23,13,12
2016-10-11 23:20:00,7,18,8,10,9
2016-10-11 23:40:00,7,9,9,15,12
2016-10-12 00:00:00,8,129,2,18,132
2016-10-12 00:20:00,7,71,2,12,90
2016-10-12 00:40:00,11,26,1,21,64
2016-10-12 01:00:00,8,10,0,18,7
2016-10-12 01:20:00,7,4,0,20,13
2016-10-12 01:40:00,5,7,0,15,15
2016-10-12 02:00:00,8,9,0,14,11
2016-10-12 02:20:00,6,7,0,15,5
2016-10-12 02:40:00,10,10,0,12,6
2016-10-12 03:00:00,9,6,0,8,5
2016-10-12 03:20:00,8,14,0,18,7
2016-10-12 03:40:00,11,18,0,10,4
2016-10-12 04:00:00,9,17,0,11,5
2016-10-12 04:20:00,7,23,0,11,8
2016-10-12 04:40:00,10,23,0,14,5
2016-10-12 05:00:00,3,33,14,21,8
2016-10-12 05:20:00,8,29,14,10,9
2016-10-12 05:40:00,6,30,15,27,19
2016-10-12 06:00:00,10,38,32,33,20
2016-10-12 06:20:00,17,47,27,50,35
2016-10-12 06:40:00,16,67,45,81,36
2016-10-12 07:00:00,27,80,91,101,69
2016-10-12 07:20:00,27,82,92,115,93
2016-10-12 07:40:00,42,103,119,153,94
2016-10-12 08:00:00,45,114,129,151,99
2016-10-12 08:20:00,54,111,124,146,114
2016-10-12 08:40:00,55,109,114,160,137
2016-10-12 09:00:00,44,122,112,146,109
2016-10-12 09:20:00,51,116,108,107,114
2016-10-12 09:40:00,34,100,86,112,107
2016-10-12 10:00:00,47,93,78,97,110
2016-10-12 10:20:00,43,96,61,114,72
2016-10-12 10:40:00,36,106,68,98,77
2016-10-12 11:00:00,33,85,54,84,70
2016-10-12 11:20:00,40,90,56,90,68
2016-10-12 11:40:00,39,76,44,102,77
2016-10-12 12:00:00,43,89,60,83,80
2016-10-12 12:20:00,32,107,72,83,66
2016-10-12 12:40:00,47,88,58,101,69
2016-10-12 13:00:00,45,97,77,109,94
2016-10-12 13:20:00,46,91,65,103,85
2016-10-12 13:40:00,51,106,72,104,82
2016-10-12 14:00:00,45,95,68,92,83
2016-10-12 14:20:00,47,99,79,132,98
2016-10-12 14:40:00,51,96,68,101,91
2016-10-12 15:00:00,41,90,62,107,98
2016-10-12 15:20:00,43,103,79,110,96
2016-10-12 15:40:00,52,88,72,110,80
2016-10-12 16:00:00,41,112,71,111,85
2016-10-12 16:20:00,42,103,66,104,90
2016-10-12 16:40:00,48,115,82,114,77
2016-10-12 17:00:00,42,89,81,111,99
2016-10-12 17:20:00,26,132,82,139,88
2016-10-12 17:40:00,26,129,76,99,90
2016-10-12 18:00:00,29,48,66,89,88
2016-10-12 18:20:00,25,82,66,91,59
2016-10-12 18:40:00,21,66,55,50,99
2016-10-12 19:00:00,18,39,44,49,51
2016-10-12 19:20:00,17,50,46,40,58
2016-10-12 19:40:00,24,38,22,60,72
2016-10-12 20:00:00,15,41,31,34,65
2016-10-12 20:20:00,18,41,31,30,53
2016-10-12 20:40:00,16,42,33,38,38
2016-10-12 21:00:00,22,29,36,41,28
2016-10-12 21:20:00,16,31,15,33,38
2016-10-12 21:40:00,10,38,26,24,44
2016-10-12 22:00:00,8,26,22,26,26
2016-10-12 22:20:00,7,33,12,22,31
2016-10-12 22:40:00,10,24,15,10,25
2016-10-12 23:00:00,7,13,14,11,21
2016-10-12 23:20:00,4,18,9,9,12
2016-10-12 23:40:00,3,11,6,13,11
2016-10-13 00:00:00,5,123,7,13,107
2016-10-13 00:20:00,11,54,2,14,105
2016-10-13 00:40:00,7,38,0,13,93
2016-10-13 01:00:00,10,5,0,17,8
2016-10-13 01:20:00,11,7,3,22,8
2016-10-13 01:40:00,10,10,1,13,5
2016-10-13 02:00:00,7,7,0,17,6
2016-10-13 02:20:00,8,4,0,11,6
2016-10-13 02:40:00,7,15,0,13,9
2016-10-13 03:00:00,8,12,1,11,11
2016-10-13 03:20:00,8,7,0,10,8
2016-10-13 03:40:00,11,13,0,13,7
2016-10-13 04:00:00,10,14,0,16,2
2016-10-13 04:20:00,10,19,2,10,5
2016-10-13 04:40:00,12,30,0,10,4
2016-10-13 05:00:00,7,31,19,12,10
2016-10-13 05:20:00,2,40,21,16,9
2016-10-13 05:40:00,4,34,14,20,19
2016-10-13 06:00:00,17,39,23,31,29
2016-10-13 06:20:00,18,46,54,38,31
2016-10-13 06:40:00,32,76,66,72,55
2016-10-13 07:00:00,32,81,91,110,75
2016-10-13 07:20:00,44,95,107,134,71
2016-10-13 07:40:00,49,105,145,145,87
2016-10-13 08:00:00,51,107,112,162,119
2016-10-13 08:20:00,59,114,121,157,115
2016-10-13 08:40:00,42,130,121,148,131
2016-10-13 09:00:00,65,122,127,148,112
2016-10-13 09:20:00,46,98,101,140,118
2016-10-13 09:40:00,59,114,77,131,94
2016-10-13 10:00:00,56,84,69,142,81
2016-10-13 10:20:00,44,101,75,116,97
2016-10-13 10:40:00,34,99,76,100,93
2016-10-13 11:00:00,28,69,77,99,70
2016-10-13 11:20:00,34,72,65,106,71
2016-10-13 11:40:00,35,105,60,91,79
2016-10-13 12:00:00,49,91,71,95,88
2016-10-13 12:20:00,46,91,68,107,110
2016-10-13 12:40:00,39,98,70,117,97
2016-10-13 13:00:00,58,96,73,127,98
2016-10-13 13:20:00,46,96,76,126,101
2016-10-13 13:40:00,44,111,80,103,102
2016-10-13 14:00:00,44,120,86,110,108
2016-10-13 14:20:00,51,92,81,138,83
2016-10-13 14:40:00,43,86,83,96,116
2016-10-13 15:00:00,48,96,91,97,119
2016-10-13 15:20:00,43,87,78,117,105
2016-10-13 15:40:00,33,83,72,134,105
2016-10-13 16:00:00,44,84,81,110,120
2016-10-13 16:20:00,48,116,79,122,122
2016-10-13 16:40:00,50,99,74,149,99
2016-10-13 17:00:00,54,114,77,114,88
2016-10-13 17:20:00,45,94,80,123,96
2016-10-13 17:40:00,39,120,80,113,105
2016-10-13 18:00:00,34,53,73,89,87
2016-10-13 18:20:00,33,73,70,70,80
2016-10-13 18:40:00,23,76,52,64,75
2016-10-13 19:00:00,17,48,46,49,49
2016-10-13 19:20:00,19,29,45,51,57
2016-10-13 19:40:00,21,53,37,51,68
2016-10-13 20:00:00,17,43,44,65,50
2016-10-13 20:20:00,18,38,34,47,42
2016-10-13 20:40:00,18,38,42,34,50
2016-10-13 21:00:00,18,29,26,37,38
2016-10-13 21:20:00,18,23,25,31,35
2016-10-13 21:40:00,16,25,27,27,45
2016-10-13 22:00:00,9,24,17,23,36
2016-10-13 22:20:00,11,19,13,22,33
2016-10-13 22:40:00,6,25,15,17,25
2016-10-13 23:00:00,3,14,6,4,15
2016-10-13 23:20:00,11,11,11,15,15
2016-10-13 23:40:00,9,8,9,16,13
2016-10-14 00:00:00,15,122,1,16,128
2016-10-14 00:20:00,15,57,1,16,112
2016-10-14 00:40:00,8,32,1,18,81
2016-10-14 01:00:00,6,6,0,22,14
2016-10-14 01:20:00,11,10,0,16,12
2016-10-14 01:40:00,12,7,1,15,14
2016-10-14 02:00:00,7,9,0,12,6
2016-10-14 02:20:00,5,8,0,14,5
2016-10-14 02:40:00,12,6,1,16,9
2016-10-14 03:00:00,4,7,2,13,2
2016-10-14 03:20:00,3,8,1,12,6
2016-10-14 03:40:00,8,12,0,7,2
2016-10-14 04:00:00,12,16,0,11,3
2016-10-14 04:20:00,13,17,1,13,9
2016-10-14 04:40:00,6,25,6,14,11
2016-10-14 05:00:00,3,29,14,15,11
2016-10-14 05:20:00,7,33,10,16,5
2016-10-14 05:40:00,8,41,22,18,13
2016-10-14 06:00:00,14,34,20,19,17
2016-10-14 06:20:00,20,48,45,38,34
2016-10-14 06:40:00,20,57,47,78,54
2016-10-14 07:00:00,23,72,87,93,73
2016-10-14 07:20:00,28,78,96,126,71
2016-10-14 07:40:00,30,120,108,152,77
2016-10-14 08:00:00,34,108,112,158,99
2016-10-14 08:20:00,59,107,132,180,134
2016-10-14 08:40:00,46,108,141,146,127
2016-10-14 09:00:00,44,126,105,161,125
2016-10-14 09:20:00,48,111,117,140,100
2016-10-14 09:40:00,45,152,77,129,105
2016-10-14 10:00:00,53,89,121,132,92
2016-10-14 10:20:00,47,137,83,140,85
2016-10-14 10:40:00,43,94,76,133,76
2016-10-14 11:00:00,43,91,76,124,77
2016-10-14 11:20:00,41,98,66,97,89
2016-10-14 11:40:00,41,89,61,93,85
2016-10-14 12:00:00,24,103,65,99,95
2016-10-14 12:20:00,42,93,86,95,107
2016-10-14 12:40:00,54,88,93,105,94
2016-10-14 13:00:00,58,99,80,124,141
2016-10-14 13:20:00,53,111,83,108,129
2016-10-14 13:40:00,44,108,102,111,123
2016-10-14 14:00:00,66,122,97,121,121
2016-10-14 14:20:00,66,101,101,94,116
2016-10-14 14:40:00,50,100,82,130,113
2016-10-14 15:00:00,76,117,81,140,100
2016-10-14 15:20:00,66,116,104,138,106
2016-10-14 15:40:00,70,116,94,137,109
2016-10-14 16:00:00,63,105,102,139,115
2016-10-14 16:20:00,71,125,94,135,89
2016-10-14 16:40:00,62,114,87,148,103
2016-10-14 17:00:00,44,122,83,146,112
2016-10-14 17:20:00,47,132,98,122,107
2016-10-14 17:40:00,39,135,79,112,128
2016-10-14 18:00:00,35,89,71,74,125
2016-10-14 18:20:00,30,85,89,68,67
2016-10-14 18:40:00,43,84,69,57,38
2016-10-14 19:00:00,43,58,53,65,54
2016-10-14 19:20:00,36,64,52,79,51
2016-10-14 19:40:00,30,59,49,57,52
2016-10-14 20:00:00,32,55,48,53,51
2016-10-14 20:20:00,21,47,35,47,44
2016-10-14 20:40:00,29,50,38,53,50
2016-10-14 21:00:00,15,37,24,40,43
2016-10-14 21:20:00,18,31,29,31,44
2016-10-14 21:40:00,14,39,37,35,39
2016-10-14 22:00:00,13,20,25,37,27
2016-10-14 22:20:00,15,32,24,22,37
2016-10-14 22:40:00,10,29,21,20,29
2016-10-14 23:00:00,8,12,8,19,19
2016-10-14 23:20:00,14,22,12,16,26
2016-10-14 23:40:00,5,13,7,8,12
2016-10-15 00:00:00,8,127,3,14,171
2016-10-15 00:20:00,9,92,2,17,100
2016-10-15 00:40:00,10,60,1,16,83
2016-10-15 01:00:00,9,13,1,24,11
2016-10-15 01:20:00,8,11,1,22,7
2016-10-15 01:40:00,9,11,2,12,7
2016-10-15 02:00:00,11,8,0,13,6
2016-10-15 02:20:00,8,4,1,21,7
2016-10-15 02:40:00,5,12,0,11,5
2016-10-15 03:00:00,6,10,1,10,5
2016-10-15 03:20:00,9,9,0,15,5
2016-10-15 03:40:00,9,16,0,12,4
2016-10-15 04:00:00,9,13,0,14,5
2016-10-15 04:20:00,9,23,1,12,6
2016-10-15 04:40:00,11,23,1,17,6
2016-10-15 05:00:00,10,24,17,18,13
2016-10-15 05:20:00,7,28,21,10,12
2016-10-15 05:40:00,9,37,14,22,20
2016-10-15 06:00:00,10,43,21,19,16
2016-10-15 06:20:00,19,44,13,42,39
2016-10-15 06:40:00,31,59,0,80,63
2016-10-15 07:00:00,39,49,0,103,59
2016-10-15 07:20:00,53,75,50,107,62
2016-10-15 07:40:00,46,72,81,92,77
2016-10-15 08:00:00,44,73,101,105,80
2016-10-15 08:20:00,47,103,118,97,80
2016-10-15 08:40:00,55,123,103,128,121
2016-10-15 09:00:00,70,110,108,127,90
2016-10-15 09:20:00,72,103,124,115,97
2016-10-15 09:40:00,55,121,95,121,105
2016-10-15 10:00:00,60,114,111,119,97
2016-10-15 10:20:00,65,105,111,135,91
2016-10-15 10:40:00,54,104,101,94,107
2016-10-15 11:00:00,59,101,77,122,84
2016-10-15 11:20:00,44,91,76,103,94
2016-10-15 11:40:00,45,91,58,109,81
2016-10-15 12:00:00,43,72,62,89,103
2016-10-15 12:20:00,48,87,85,104,84
2016-10-15 12:40:00,41,86,78,102,76
2016-10-15 13:00:00,63,87,85,110,115
2016-10-15 13:20:00,41,87,90,128,117
2016-10-15 13:40:00,35,107,93,135,109
2016-10-15 14:00:00,56,108,79,108,104
2016-10-15 14:20:00,69,100,88,114,97
2016-10-15 14:40:00,64,93,60,118,103
2016-10-15 15:00:00,37,108,72,109,119
2016-10-15 15:20:00,59,85,82,159,101
2016-10-15 15:40:00,57,96,88,127,106
2016-10-15 16:00:00,57,92,85,137,90
2016-10-15 16:20:00,66,89,79,125,95
2016-10-15 16:40:00,64,93,91,124,89
2016-10-15 17:00:00,66,85,72,105,104
2016-10-15 17:20:00,55,94,84,127,87
2016-10-15 17:40:00,32,90,50,104,87
2016-10-15 18:00:00,33,67,41,82,92
2016-10-15 18:20:00,30,71,35,70,85
2016-10-15 18:40:00,29,61,37,62,82
2016-10-15 19:00:00,20,46,40,64,83
2016-10-15 19:20:00,20,55,37,67,49
2016-10-15 19:40:00,26,48,34,73,63
2016-10-15 20:00:00,22,44,36,55,73
2016-10-15 20:20:00,17,38,50,48,55
2016-10-15 20:40:00,23,40,32,53,54
2016-10-15 21:00:00,21,34,26,45,43
2016-10-15 21:20:00,18,28,21,42,36
2016-10-15 21:40:00,20,28,26,31,30
2016-10-15 22:00:00,16,25,16,22,24
2016-10-15 22:20:00,17,21,10,22,23
2016-10-15 22:40:00,4,21,11,20,22
2016-10-15 23:00:00,15,20,6,9,15
2016-10-15 23:20:00,5,13,8,9,31
2016-10-15 23:40:00,9,15,7,13,9
2016-10-16 00:00:00,10,107,2,24,135
2016-10-16 00:20:00,9,68,0,18,109
2016-10-16 00:40:00,8,35,1,20,87
2016-10-16 01:00:00,7,4,1,19,9
2016-10-16 01:20:00,10,10,2,19,5
2016-10-16 01:40:00,4,11,0,17,7
2016-10-16 02:00:00,6,7,0,10,4
2016-10-16 02:20:00,6,6,0,12,8
2016-10-16 02:40:00,2,8,0,19,7
2016-10-16 03:00:00,6,7,0,9,8
2016-10-16 03:20:00,5,15,0,14,4
2016-10-16 03:40:00,9,15,1,12,5
2016-10-16 04:00:00,9,17,0,11,3
2016-10-16 04:20:00,11,14,0,14,5
2016-10-16 04:40:00,16,22,0,17,7
2016-10-16 05:00:00,4,32,17,8,13
2016-10-16 05:20:00,3,33,9,13,15
2016-10-16 05:40:00,7,37,20,12,17
2016-10-16 06:00:00,6,37,12,28,24
2016-10-16 06:20:00,7,32,34,39,44
2016-10-16 06:40:00,10,58,34,62,37
2016-10-16 07:00:00,19,36,40,65,40
2016-10-16 07:20:00,28,50,69,78,50
2016-10-16 07:40:00,53,39,58,74,65
2016-10-16 08:00:00,29,47,81,85,85
2016-10-16 08:20:00,44,72,92,114,80
2016-10-16 08:40:00,35,67,99,102,86
2016-10-16 09:00:00,51,100,95,105,107
2016-10-16 09:20:00,47,108,107,94,90
2016-10-16 09:40:00,48,108,87,72,98
2016-10-16 10:00:00,38,88,90,102,107
2016-10-16 10:20:00,60,107,75,69,135
2016-10-16 10:40:00,52,102,97,68,110
2016-10-16 11:00:00,50,96,67,53,81
2016-10-16 11:20:00,43,99,80,58,98
2016-10-16 11:40:00,26,77,57,93,64
2016-10-16 12:00:00,53,94,68,96,110
2016-10-16 12:20:00,48,73,68,92,96
2016-10-16 12:40:00,50,89,63,104,115
2016-10-16 13:00:00,61,108,79,114,136
2016-10-16 13:20:00,49,104,61,120,125
2016-10-16 13:40:00,48,105,90,126,146
2016-10-16 14:00:00,51,112,66,126,143
2016-10-16 14:20:00,62,108,81,125,133
2016-10-16 14:40:00,58,97,63,143,147
2016-10-16 15:00:00,58,119,78,138,140
2016-10-16 15:20:00,65,118,86,109,134
2016-10-16 15:40:00,78,99,69,109,135
2016-10-16 16:00:00,69,135,84,144,144
2016-10-16 16:20:00,65,111,98,127,126
2016-10-16 16:40:00,69,105,71,133,105
2016-10-16 17:00:00,70,98,82,132,100
2016-10-16 17:20:00,59,134,65,116,108
2016-10-16 17:40:00,37,111,74,120,100
2016-10-16 18:00:00,39,76,46,105,88
2016-10-16 18:20:00,41,77,54,93,109
2016-10-16 18:40:00,38,56,32,80,82
2016-10-16 19:00:00,33,63,44,81,74
2016-10-16 19:20:00,30,64,35,74,87
2016-10-16 19:40:00,34,64,38,76,84
2016-10-16 20:00:00,32,58,31,59,66
2016-10-16 20:20:00,34,53,46,56,58
2016-10-16 20:40:00,21,52,33,50,67
2016-10-16 21:00:00,24,34,22,42,21
2016-10-16 21:20:00,30,45,23,39,41
2016-10-16 21:40:00,15,27,21,32,32
2016-10-16 22:00:00,18,17,14,31,21
2016-10-16 22:20:00,7,16,11,26,22
2016-10-16 22:40:00,3,27,6,16,21
2016-10-16 23:00:00,9,15,4,17,12
2016-10-16 23:20:00,5,21,6,21,12
2016-10-16 23:40:00,5,16,4,17,11
2016-10-17 00:00:00,13,139,3,17,143
2016-10-17 00:20:00,12,55,1,21,107
2016-10-17 00:40:00,7,33,4,18,88
2016-10-17 01:00:00,6,7,2,23,10
2016-10-17 01:20:00,11,7,1,19,10
2016-10-17 01:40:00,5,10,0,10,4
2016-10-17 02:00:00,4,5,3,11,5
2016-10-17 02:20:00,6,9,0,14,3
2016-10-17 02:40:00,7,6,1,13,1
2016-10-17 03:00:00,7,6,0,16,8
2016-10-17 03:20:00,10,11,0,15,1
2016-10-17 03:40:00,7,21,0,7,7
2016-10-17 04:00:00,14,13,0,15,7
2016-10-17 04:20:00,12,20,0,12,5
2016-10-17 04:40:00,17,26,0,11,6
2016-10-17 05:00:00,2,27,14,14,6
2016-10-17 05:20:00,5,32,19,15,10
2016-10-17 05:40:00,7,38,23,23,15
2016-10-17 06:00:00,13,45,31,40,32
2016-10-17 06:20:00,18,68,45,59,41
2016-10-17 06:40:00,19,73,52,95,49
2016-10-17 07:00:00,45,106,84,145,87
2016-10-17 07:20:00,44,120,125,162,111
2016-10-17 07:40:00,56,130,119,165,104
2016-10-17 08:00:00,50,132,130,175,123
2016-10-17 08:20:00,46,140,133,182,147
2016-10-17 08:40:00,56,141,109,180,150
2016-10-17 09:00:00,43,161,114,138,136
2016-10-17 09:20:00,54,120,102,150,137
2016-10-17 09:40:00,41,121,91,117,106
2016-10-17 10:00:00,46,101,65,127,78
2016-10-17 10:20:00,57,101,65,108,77
2016-10-17 10:40:00,38,90,58,86,84
2016-10-17 11:00:00,29,62,63,102,79
2016-10-17 11:20:00,39,73,54,89,79
2016-10-17 11:40:00,33,107,50,88,71
2016-10-17 12:00:00,32,87,66,89,77
2016-10-17 12:20:00,47,87,54,78,75
2016-10-17 12:40:00,44,87,70,90,111
2016-10-17 13:00:00,35,88,62,108,127
2016-10-17 13:20:00,51,100,71,93,91
2016-10-17 13:40:00,59,85,66,95,73
2016-10-17 14:00:00,41,87,82,114,75
2016-10-17 14:20:00,47,93,72,118,83
2016-10-17 14:40:00,52,109,56,85,100
2016-10-17 15:00:00,46,99,53,117,93
2016-10-17 15:20:00,47,92,84,105,122
2016-10-17 15:40:00,35,89,76,108,90
2016-10-17 16:00:00,63,101,68,114,91
2016-10-17 16:20:00,56,108,92,112,94
2016-10-17 16:40:00,42,104,72,96,90
2016-10-17 17:00:00,43,112,86,140,80
2016-10-17 17:20:00,34,126,83,132,82
2016-10-17 17:40:00,25,130,58,113,84
2016-10-17 18:00:00,22,52,56,90,79
2016-10-17 18:20:00,24,84,53,93,86
2016-10-17 18:40:00,14,49,53,65,80
2016-10-17 19:00:00,26,39,38,51,54
2016-10-17 19:20:00,15,46,48,46,47
2016-10-17 19:40:00,16,33,26,53,54
2016-10-17 20:00:00,11,33,29,46,51
2016-10-17 20:20:00,17,33,33,45,25
2016-10-17 20:40:00,19,33,26,39,43
2016-10-17 21:00:00,17,24,28,37,23
2016-10-17 21:20:00,11,24,20,31,25
2016-10-17 21:40:00,18,31,17,26,22
2016-10-17 22:00:00,12,15,21,17,16
2016-10-17 22:20:00,10,18,21,20,18
2016-10-17 22:40:00,4,19,23,19,28
2016-10-17 23:00:00,1,11,9,2,9
2016-10-17 23:20:00,6,13,10,8,12
2016-10-17 23:40:00,2,10,18,15,22
